CROPS_WL,ID_CROPS_WL,GROUP_WL,ID_GROUP_WL,GROUP_WL_filtered,CROPS_WL_filtered,match,max_match,ID_GROUP_ICC,sim
Avoine d’hiver,341,CEREALES ET ASSIMILES,CEREALES ET ASSIMILES,CEREALES ASSIMILES,Avoine dhiver,"[['CROPS_WL', 341, 'Avoine dhiver', 'Avoine', 1, 100]]","['CROPS_WL', 341, 'Avoine dhiver', 'Avoine', 1, 100]",1.0,100.0
Avoine de printemps,342,CEREALES ET ASSIMILES,CEREALES ET ASSIMILES,CEREALES ASSIMILES,Avoine de printemps,"[['CROPS_WL', 342, 'Avoine de printemps', 'Avoine', 1, 100]]","['CROPS_WL', 342, 'Avoine de printemps', 'Avoine', 1, 100]",1.0,100.0
Epeautre,36,CEREALES ET ASSIMILES,CEREALES ET ASSIMILES,CEREALES ASSIMILES,Epe,[],[],,
Froment d’hiver,311,CEREALES ET ASSIMILES,CEREALES ET ASSIMILES,CEREALES ASSIMILES,Froment dhiver,[],[],,
Froment de printemps,312,CEREALES ET ASSIMILES,CEREALES ET ASSIMILES,CEREALES ASSIMILES,Froment de printemps,[],[],,
Maïs ensilage,201,CEREALES ET ASSIMILES,CEREALES ET ASSIMILES,CEREALES ASSIMILES,Maïs ensilage,"[['CROPS_WL', 201, 'Maïs ensilage', 'Maïs', 1, 100]]","['CROPS_WL', 201, 'Maïs ensilage', 'Maïs', 1, 100]",1.0,100.0
Maïs grain,202,CEREALES ET ASSIMILES,CEREALES ET ASSIMILES,CEREALES ASSIMILES,Maïs grain,"[['CROPS_WL', 202, 'Maïs grain', 'Maïs', 1, 100]]","['CROPS_WL', 202, 'Maïs grain', 'Maïs', 1, 100]",1.0,100.0
Céréales + légumineuses*,39,CEREALES ET ASSIMILES,CEREALES ET ASSIMILES,CEREALES ASSIMILES,Céréales légumineuses,"[['CROPS_WL', 39, 'Céréales légumineuses', 'Céréales', 1, 100], ['CROPS_WL', 39, 'Céréales légumineuses', 'Légumineuses', 7, 100], ['CROPS_WL', 39, 'Céréales légumineuses', 'Légumineuses', 7, 100]]","['CROPS_WL', 39, 'Céréales légumineuses', 'Céréales', 1, 100]",1.0,100.0
Orge d’hiver,321,CEREALES ET ASSIMILES,CEREALES ET ASSIMILES,CEREALES ASSIMILES,Orge dhiver,"[['CROPS_WL', 321, 'Orge dhiver', 'Orge', 1, 100]]","['CROPS_WL', 321, 'Orge dhiver', 'Orge', 1, 100]",1.0,100.0
Orge de printemps,322,CEREALES ET ASSIMILES,CEREALES ET ASSIMILES,CEREALES ASSIMILES,Orge de printemps,"[['CROPS_WL', 322, 'Orge de printemps', 'Orge', 1, 100]]","['CROPS_WL', 322, 'Orge de printemps', 'Orge', 1, 100]",1.0,100.0
Orge de brasserie,323,CEREALES ET ASSIMILES,CEREALES ET ASSIMILES,CEREALES ASSIMILES,Orge de brasserie,"[['CROPS_WL', 323, 'Orge de brasserie', 'Orge', 1, 100]]","['CROPS_WL', 323, 'Orge de brasserie', 'Orge', 1, 100]",1.0,100.0
Sarrasin,37,CEREALES ET ASSIMILES,CEREALES ET ASSIMILES,CEREALES ASSIMILES,Sarrasin,"[['CROPS_WL', 37, 'Sarrasin', 'Sarrasin', 1, 100]]","['CROPS_WL', 37, 'Sarrasin', 'Sarrasin', 1, 100]",1.0,100.0
Seigle d’hiver,331,CEREALES ET ASSIMILES,CEREALES ET ASSIMILES,CEREALES ASSIMILES,Seigle dhiver,"[['CROPS_WL', 331, 'Seigle dhiver', 'Seigle', 1, 100]]","['CROPS_WL', 331, 'Seigle dhiver', 'Seigle', 1, 100]",1.0,100.0
Seigle de printemps,332,CEREALES ET ASSIMILES,CEREALES ET ASSIMILES,CEREALES ASSIMILES,Seigle de printemps,"[['CROPS_WL', 332, 'Seigle de printemps', 'Seigle', 1, 100]]","['CROPS_WL', 332, 'Seigle de printemps', 'Seigle', 1, 100]",1.0,100.0
Triticale d’hiver,351,CEREALES ET ASSIMILES,CEREALES ET ASSIMILES,CEREALES ASSIMILES,Triticale dhiver,"[['CROPS_WL', 351, 'Triticale dhiver', 'Triticale', 1, 100]]","['CROPS_WL', 351, 'Triticale dhiver', 'Triticale', 1, 100]",1.0,100.0
Triticale de printemps,352,CEREALES ET ASSIMILES,CEREALES ET ASSIMILES,CEREALES ASSIMILES,Triticale de printemps,"[['CROPS_WL', 352, 'Triticale de printemps', 'Triticale', 1, 100]]","['CROPS_WL', 352, 'Triticale de printemps', 'Triticale', 1, 100]",1.0,100.0
Sorgho,381,CEREALES ET ASSIMILES,CEREALES ET ASSIMILES,CEREALES ASSIMILES,Sorgho,"[['CROPS_WL', 381, 'Sorgho', 'Sorgho', 1, 100], ['CROPS_WL', 381, 'Sorgho', 'Sorgho doux', 8, 100]]","['CROPS_WL', 381, 'Sorgho', 'Sorgho', 1, 100]",1.0,100.0
Quinoa,382,CEREALES ET ASSIMILES,CEREALES ET ASSIMILES,CEREALES ASSIMILES,Quinoa,"[['CROPS_WL', 382, 'Quinoa', 'Quinoa', 1, 100]]","['CROPS_WL', 382, 'Quinoa', 'Quinoa', 1, 100]",1.0,100.0
Cultures fruitières annuelles - Fraises,9516,CULTURES HORTICOLES,CULTURES HORTICOLES,CULTURES HORTICOLES,Cultures fruitières annuelles Fraises,"[['CROPS_WL', 9516, 'Cultures fruitières annuelles Fraises', 'Fraises', 3, 100]]","['CROPS_WL', 9516, 'Cultures fruitières annuelles Fraises', 'Fraises', 3, 100]",3.0,100.0
Cultures fruitières annuelles - Framboises,9717,CULTURES HORTICOLES,CULTURES HORTICOLES,CULTURES HORTICOLES,Cultures fruitières annuelles Framboises,"[['CROPS_WL', 9717, 'Cultures fruitières annuelles Framboises', 'Framboises', 3, 100]]","['CROPS_WL', 9717, 'Cultures fruitières annuelles Framboises', 'Framboises', 3, 100]",3.0,100.0
Cultures fruitière pluriannuelles-hautes tiges ( de 50 à 250 arbres/ha)*,9742,CULTURES HORTICOLES,CULTURES HORTICOLES,CULTURES HORTICOLES,Cultures fruitière pluriannuelleshautes tiges,[],[],,
Cultures fruitière pluriannuelles-basses tiges ( plus de 250 arbres /ha)*,9741,CULTURES HORTICOLES,CULTURES HORTICOLES,CULTURES HORTICOLES,Cultures fruitière pluriannuellesbasses tiges,[],[],,
Cultures permanentes sous serre*,885,CULTURES HORTICOLES,CULTURES HORTICOLES,CULTURES HORTICOLES,Cultures permanentes sous serre,"[['CROPS_WL', 885, 'Cultures permanentes sous serre', 'Cultures florales permanentes', 9, 82], ['CROPS_WL', 885, 'Cultures permanentes sous serre', 'Autres cultures permanentes', 9, 85]]","['CROPS_WL', 885, 'Cultures permanentes sous serre', 'Autres cultures permanentes', 9, 85]",9.0,85.0
Cultures horticoles non-comestibles*,96,CULTURES HORTICOLES,CULTURES HORTICOLES,CULTURES HORTICOLES,Cultures horticoles noncomestibles,[],[],,
Autres légumes plein air,951,CULTURES HORTICOLES,CULTURES HORTICOLES,CULTURES HORTICOLES,légumes plein air,[],[],,
Autres plantes ornementales de plein air,954,CULTURES HORTICOLES,CULTURES HORTICOLES,CULTURES HORTICOLES,plantes ornementales de plein air,[],[],,
Autres plantes ornementales sous serre,958,CULTURES HORTICOLES,CULTURES HORTICOLES,CULTURES HORTICOLES,plantes ornementales sous serre,[],[],,
Autres cultures de légumes sous serre,9521,CULTURES HORTICOLES,CULTURES HORTICOLES,CULTURES HORTICOLES,cultures de légumes sous serre,[],[],,
Asperges (consommation au frais),9511,CULTURES HORTICOLES,CULTURES HORTICOLES,CULTURES HORTICOLES,Asperges,"[['CROPS_WL', 9511, 'Asperges', 'Asperges', 2, 100]]","['CROPS_WL', 9511, 'Asperges', 'Asperges', 2, 100]",2.0,100.0
Asperges (transformation industrielle),8511,CULTURES HORTICOLES,CULTURES HORTICOLES,CULTURES HORTICOLES,Asperges,"[['CROPS_WL', 8511, 'Asperges', 'Asperges', 2, 100]]","['CROPS_WL', 8511, 'Asperges', 'Asperges', 2, 100]",2.0,100.0
Brocolis (consommation au frais),9525,CULTURES HORTICOLES,CULTURES HORTICOLES,CULTURES HORTICOLES,Brocolis,[],[],,
Brocoli (transformation industrielle),8525,CULTURES HORTICOLES,CULTURES HORTICOLES,CULTURES HORTICOLES,Brocoli,"[['CROPS_WL', 8525, 'Brocoli', 'Chou-fleur et brocoli', 2, 100]]","['CROPS_WL', 8525, 'Brocoli', 'Chou-fleur et brocoli', 2, 100]",2.0,100.0
Carotte (non hâtive) (consommation) (transformation industrielle),8535,CULTURES HORTICOLES,CULTURES HORTICOLES,CULTURES HORTICOLES,Carotte,"[['CROPS_WL', 8535, 'Carotte', 'Carottes', 2, 93]]","['CROPS_WL', 8535, 'Carotte', 'Carottes', 2, 93]",2.0,93.0
Carotte (hâtive)(consommation) (transformation industrielle),8564,CULTURES HORTICOLES,CULTURES HORTICOLES,CULTURES HORTICOLES,Carotte,"[['CROPS_WL', 8564, 'Carotte', 'Carottes', 2, 93]]","['CROPS_WL', 8564, 'Carotte', 'Carottes', 2, 93]",2.0,93.0
Carotte ( non hâtive) (consommation au frais),9535,CULTURES HORTICOLES,CULTURES HORTICOLES,CULTURES HORTICOLES,Carotte,"[['CROPS_WL', 9535, 'Carotte', 'Carottes', 2, 93]]","['CROPS_WL', 9535, 'Carotte', 'Carottes', 2, 93]",2.0,93.0
Carotte ( hâtive) (consommation au frais),9564,CULTURES HORTICOLES,CULTURES HORTICOLES,CULTURES HORTICOLES,Carotte,"[['CROPS_WL', 9564, 'Carotte', 'Carottes', 2, 93]]","['CROPS_WL', 9564, 'Carotte', 'Carottes', 2, 93]",2.0,93.0
Céleri-rave (transformation industrielle),8543,CULTURES HORTICOLES,CULTURES HORTICOLES,CULTURES HORTICOLES,Célerirave,[],[],,
Céleri-branche ( transformation industrielle),8551,CULTURES HORTICOLES,CULTURES HORTICOLES,CULTURES HORTICOLES,Céleribranche,[],[],,
Céleri à côtes ( transformation industrielle),8539,CULTURES HORTICOLES,CULTURES HORTICOLES,CULTURES HORTICOLES,Céleri à côtes,[],[],,
Céleri-rave (consommation au frais),9543,CULTURES HORTICOLES,CULTURES HORTICOLES,CULTURES HORTICOLES,Célerirave,[],[],,
Céleri vert ( transformation industrielle),8548,CULTURES HORTICOLES,CULTURES HORTICOLES,CULTURES HORTICOLES,Céleri vert,[],[],,
Cerfeuil (consommation au frais),960,CULTURES HORTICOLES,CULTURES HORTICOLES,CULTURES HORTICOLES,Cerfeuil,[],[],,
Cerfeuil ( transformation industrielle),860,CULTURES HORTICOLES,CULTURES HORTICOLES,CULTURES HORTICOLES,Cerfeuil,[],[],,
Champignons,9536,CULTURES HORTICOLES,CULTURES HORTICOLES,CULTURES HORTICOLES,Champignons,"[['CROPS_WL', 9536, 'Champignons', 'Champignons et truffes', 2, 100]]","['CROPS_WL', 9536, 'Champignons', 'Champignons et truffes', 2, 100]",2.0,100.0
Choux-rave (consommation au frais),9529,CULTURES HORTICOLES,CULTURES HORTICOLES,CULTURES HORTICOLES,Chouxrave,[],[],,
Choux-rave (transformation industrielle),8529,CULTURES HORTICOLES,CULTURES HORTICOLES,CULTURES HORTICOLES,Chouxrave,[],[],,
Chou de Bruxelles (transformation industrielle),8512,CULTURES HORTICOLES,CULTURES HORTICOLES,CULTURES HORTICOLES,Chou de Bruxelles,[],[],,
Chou de Bruxelles (consommation au frais),9512,CULTURES HORTICOLES,CULTURES HORTICOLES,CULTURES HORTICOLES,Chou de Bruxelles,[],[],,
Chou-fleur (transformation industrielle),8523,CULTURES HORTICOLES,CULTURES HORTICOLES,CULTURES HORTICOLES,Choufleur,[],[],,
Chou-fleur (consommation au frais),9523,CULTURES HORTICOLES,CULTURES HORTICOLES,CULTURES HORTICOLES,Choufleur,[],[],,
Choux – légumes/Céleri vert (consommation au frais),9548,CULTURES HORTICOLES,CULTURES HORTICOLES,CULTURES HORTICOLES,Choux légumesCéleri vert,"[['CROPS_WL', 9548, 'Choux légumesCéleri vert', 'Choux', 2, 100]]","['CROPS_WL', 9548, 'Choux légumesCéleri vert', 'Choux', 2, 100]",2.0,100.0
Choux rouge (consommation au frais),9527,CULTURES HORTICOLES,CULTURES HORTICOLES,CULTURES HORTICOLES,Choux rouge,"[['CROPS_WL', 9527, 'Choux rouge', 'Choux', 2, 100]]","['CROPS_WL', 9527, 'Choux rouge', 'Choux', 2, 100]",2.0,100.0
Choux rouge (transformation industrielle),8527,CULTURES HORTICOLES,CULTURES HORTICOLES,CULTURES HORTICOLES,Choux rouge,"[['CROPS_WL', 8527, 'Choux rouge', 'Choux', 2, 100]]","['CROPS_WL', 8527, 'Choux rouge', 'Choux', 2, 100]",2.0,100.0
Chou blanc (transformation industrielle),8540,CULTURES HORTICOLES,CULTURES HORTICOLES,CULTURES HORTICOLES,Chou blanc,[],[],,
Chou blanc (consommation au frais),9540,CULTURES HORTICOLES,CULTURES HORTICOLES,CULTURES HORTICOLES,Chou blanc,[],[],,
Chou frisé (transformation industrielle),8524,CULTURES HORTICOLES,CULTURES HORTICOLES,CULTURES HORTICOLES,Chou frisé,[],[],,
Chou de Milan ( transformation industrielle),8546,CULTURES HORTICOLES,CULTURES HORTICOLES,CULTURES HORTICOLES,Chou de Milan,[],[],,
Chou chinois,8526,CULTURES HORTICOLES,CULTURES HORTICOLES,CULTURES HORTICOLES,Chou chinois,[],[],,
Courgettes ( consommation au frais),9541,CULTURES HORTICOLES,CULTURES HORTICOLES,CULTURES HORTICOLES,Courgettes,[],[],,
Courgettes (transformation industrielle),8541,CULTURES HORTICOLES,CULTURES HORTICOLES,CULTURES HORTICOLES,Courgettes,[],[],,
Courges butternut ( consommation au frais),9456,CULTURES HORTICOLES,CULTURES HORTICOLES,CULTURES HORTICOLES,Courges butternut,[],[],,
Courges butternut (transformation industrielle),8456,CULTURES HORTICOLES,CULTURES HORTICOLES,CULTURES HORTICOLES,Courges butternut,[],[],,
Echalotes en frais,9513,CULTURES HORTICOLES,CULTURES HORTICOLES,CULTURES HORTICOLES,Echalotes en frais,[],[],,
Echalotes industrielle,8513,CULTURES HORTICOLES,CULTURES HORTICOLES,CULTURES HORTICOLES,Echalotes industrielle,[],[],,
Endives de Bruxelles (pour la racine) (transformation industrielle),8561,CULTURES HORTICOLES,CULTURES HORTICOLES,CULTURES HORTICOLES,Endives de Bruxelles,[],[],,
Endives (chicons),9515,CULTURES HORTICOLES,CULTURES HORTICOLES,CULTURES HORTICOLES,Endives,[],[],,
Epinards (consommation au frais),9519,CULTURES HORTICOLES,CULTURES HORTICOLES,CULTURES HORTICOLES,Epinards,"[['CROPS_WL', 9519, 'Epinards', 'Epinards', 2, 100]]","['CROPS_WL', 9519, 'Epinards', 'Epinards', 2, 100]",2.0,100.0
Epinards ( transformation industrielle),8519,CULTURES HORTICOLES,CULTURES HORTICOLES,CULTURES HORTICOLES,Epinards,"[['CROPS_WL', 8519, 'Epinards', 'Epinards', 2, 100]]","['CROPS_WL', 8519, 'Epinards', 'Epinards', 2, 100]",2.0,100.0
Fenouil ( de Florence) ( consommation au frais),9534,CULTURES HORTICOLES,CULTURES HORTICOLES,CULTURES HORTICOLES,Fenouil,"[['CROPS_WL', 9534, 'Fenouil', 'Anis badiane et fenouil', 6, 100]]","['CROPS_WL', 9534, 'Fenouil', 'Anis badiane et fenouil', 6, 100]",6.0,100.0
Fenouil (de Florence) ( transformation industrielle),8534,CULTURES HORTICOLES,CULTURES HORTICOLES,CULTURES HORTICOLES,Fenouil,"[['CROPS_WL', 8534, 'Fenouil', 'Anis badiane et fenouil', 6, 100]]","['CROPS_WL', 8534, 'Fenouil', 'Anis badiane et fenouil', 6, 100]",6.0,100.0
Fleurs et plantes ornementales sous serre,9588,CULTURES HORTICOLES,CULTURES HORTICOLES,CULTURES HORTICOLES,Fleurs plantes ornementales sous serre,[],[],,
Plants de fraisiers de plein air,9724,CULTURES HORTICOLES,CULTURES HORTICOLES,CULTURES HORTICOLES,Plants de fraisiers de plein air,[],[],,
Cultures fruitières annuelles- Fraises sous serres,8516,CULTURES HORTICOLES,CULTURES HORTICOLES,CULTURES HORTICOLES,Cultures fruitières annuelles Fraises sous serres,"[['CROPS_WL', 8516, 'Cultures fruitières annuelles Fraises sous serres', 'Fraises', 3, 100]]","['CROPS_WL', 8516, 'Cultures fruitières annuelles Fraises sous serres', 'Fraises', 3, 100]",3.0,100.0
Haricots de conserverie,9410,CULTURES HORTICOLES,CULTURES HORTICOLES,CULTURES HORTICOLES,Haricots de conserverie,"[['CROPS_WL', 9410, 'Haricots de conserverie', 'Haricots', 7, 100]]","['CROPS_WL', 9410, 'Haricots de conserverie', 'Haricots', 7, 100]",7.0,100.0
Haricots verts (transformation industrielle),8410,CULTURES HORTICOLES,CULTURES HORTICOLES,CULTURES HORTICOLES,Haricots verts,"[['CROPS_WL', 8410, 'Haricots verts', 'Haricots', 7, 100]]","['CROPS_WL', 8410, 'Haricots verts', 'Haricots', 7, 100]",7.0,100.0
Laitues pommées (consommation au frais),9518,CULTURES HORTICOLES,CULTURES HORTICOLES,CULTURES HORTICOLES,Laitues pommées,"[['CROPS_WL', 9518, 'Laitues pommées', 'Pommes', 3, 100]]","['CROPS_WL', 9518, 'Laitues pommées', 'Pommes', 3, 100]",3.0,100.0
Laitues pommées (transformation industrielle),8518,CULTURES HORTICOLES,CULTURES HORTICOLES,CULTURES HORTICOLES,Laitues pommées,"[['CROPS_WL', 8518, 'Laitues pommées', 'Pommes', 3, 100]]","['CROPS_WL', 8518, 'Laitues pommées', 'Pommes', 3, 100]",3.0,100.0
Légume légumineuse,966,CULTURES HORTICOLES,CULTURES HORTICOLES,CULTURES HORTICOLES,Légume légumineuse,[],[],,
Navets fourragers,746,CULTURES HORTICOLES,CULTURES HORTICOLES,CULTURES HORTICOLES,Navets fourragers,"[['CROPS_WL', 746, 'Navets fourragers', 'Navets', 2, 100]]","['CROPS_WL', 746, 'Navets fourragers', 'Navets', 2, 100]",2.0,100.0
Oignons (hâtifs) (transformation industrielle),8563,CULTURES HORTICOLES,CULTURES HORTICOLES,CULTURES HORTICOLES,Oignons,"[['CROPS_WL', 8563, 'Oignons', 'Oignons', 2, 100]]","['CROPS_WL', 8563, 'Oignons', 'Oignons', 2, 100]",2.0,100.0
Oignons (non hâtifs) ( transformation industrielle),8514,CULTURES HORTICOLES,CULTURES HORTICOLES,CULTURES HORTICOLES,Oignons,"[['CROPS_WL', 8514, 'Oignons', 'Oignons', 2, 100]]","['CROPS_WL', 8514, 'Oignons', 'Oignons', 2, 100]",2.0,100.0
Oignons (hâtifs) (consommation au frais),9563,CULTURES HORTICOLES,CULTURES HORTICOLES,CULTURES HORTICOLES,Oignons,"[['CROPS_WL', 9563, 'Oignons', 'Oignons', 2, 100]]","['CROPS_WL', 9563, 'Oignons', 'Oignons', 2, 100]",2.0,100.0
Oignons (non hâtifs) (consommation au frais),9514,CULTURES HORTICOLES,CULTURES HORTICOLES,CULTURES HORTICOLES,Oignons,"[['CROPS_WL', 9514, 'Oignons', 'Oignons', 2, 100]]","['CROPS_WL', 9514, 'Oignons', 'Oignons', 2, 100]",2.0,100.0
Pépinières de plants forestiers,9560,CULTURES HORTICOLES,CULTURES HORTICOLES,CULTURES HORTICOLES,Pépinières de plants forestiers,[],[],,
Pépinières de plants fruitiers ou de plantes ornementales,9520,CULTURES HORTICOLES,CULTURES HORTICOLES,CULTURES HORTICOLES,Pépinières de plants fruitiers de plantes ornementales,[],[],,
Persil ( consommation au frais),959,CULTURES HORTICOLES,CULTURES HORTICOLES,CULTURES HORTICOLES,Persil,[],[],,
Persil (transformation industrielle),859,CULTURES HORTICOLES,CULTURES HORTICOLES,CULTURES HORTICOLES,Persil,[],[],,
Plantes aromatiques,953,CULTURES HORTICOLES,CULTURES HORTICOLES,CULTURES HORTICOLES,Plantes aromatiques,[],[],,
Plantes vivaces ornementales de plein air,9584,CULTURES HORTICOLES,CULTURES HORTICOLES,CULTURES HORTICOLES,Plantes vivaces ornementales de plein air,[],[],,
Poireau (consommation au frais),9538,CULTURES HORTICOLES,CULTURES HORTICOLES,CULTURES HORTICOLES,Poireau,[],[],,
Poireau (transformation industrielle),8538,CULTURES HORTICOLES,CULTURES HORTICOLES,CULTURES HORTICOLES,Poireau,[],[],,
"Pois récoltés à l’état frais, pois de conserverie",931,CULTURES HORTICOLES,CULTURES HORTICOLES,CULTURES HORTICOLES,Pois récoltés à létat frais pois de conserverie,"[['CROPS_WL', 931, 'Pois récoltés à létat frais pois de conserverie', 'Pois', 7, 100]]","['CROPS_WL', 931, 'Pois récoltés à létat frais pois de conserverie', 'Pois', 7, 100]",7.0,100.0
Pois (autres que récoltés secs) (transformation industrielle),831,CULTURES HORTICOLES,CULTURES HORTICOLES,CULTURES HORTICOLES,Pois,"[['CROPS_WL', 831, 'Pois', 'Pois chiches', 7, 100], ['CROPS_WL', 831, 'Pois', 'Pois', 7, 100]]","['CROPS_WL', 831, 'Pois', 'Pois chiches', 7, 100]",7.0,100.0
Rhubarbe ( consommation au frais),9517,CULTURES HORTICOLES,CULTURES HORTICOLES,CULTURES HORTICOLES,Rhubarbe,[],[],,
Rhubarbe ( transformation industrielle),8517,CULTURES HORTICOLES,CULTURES HORTICOLES,CULTURES HORTICOLES,Rhubarbe,[],[],,
Scaroles (transformation industrielle),8537,CULTURES HORTICOLES,CULTURES HORTICOLES,CULTURES HORTICOLES,Scaroles,[],[],,
Scaroles (consommation au frais),9537,CULTURES HORTICOLES,CULTURES HORTICOLES,CULTURES HORTICOLES,Scaroles,[],[],,
Scorsonère (transformation industrielle),8533,CULTURES HORTICOLES,CULTURES HORTICOLES,CULTURES HORTICOLES,Scorsonère,[],[],,
Tomates (consommation au frais),9552,CULTURES HORTICOLES,CULTURES HORTICOLES,CULTURES HORTICOLES,Tomates,"[['CROPS_WL', 9552, 'Tomates', 'Tomates', 2, 100]]","['CROPS_WL', 9552, 'Tomates', 'Tomates', 2, 100]",2.0,100.0
Tomates ( transformation industrielle),8552,CULTURES HORTICOLES,CULTURES HORTICOLES,CULTURES HORTICOLES,Tomates,"[['CROPS_WL', 8552, 'Tomates', 'Tomates', 2, 100]]","['CROPS_WL', 8552, 'Tomates', 'Tomates', 2, 100]",2.0,100.0
Cultures maraîchères sous serres ou sous protection fixe,952,CULTURES HORTICOLES,CULTURES HORTICOLES,CULTURES HORTICOLES,Cultures maraîchères sous serres sous protection fixe,[],[],,
Vignes,9716,CULTURES HORTICOLES,CULTURES HORTICOLES,CULTURES HORTICOLES,Vignes,[],[],,
Noisetier,9201,FRUITS A COQUES,FRUITS A COQUES,FRUITS A COQUES,Noisetier,[],[],,
Noyer,9202,FRUITS A COQUES,FRUITS A COQUES,FRUITS A COQUES,Noyer,[],[],,
Colza d’hiver,4111,OLEAGINEUX,OLEAGINEUX,OLEAGINEUX,Colza dhiver,"[['CROPS_WL', 4111, 'Colza dhiver', 'Colza', 4, 100]]","['CROPS_WL', 4111, 'Colza dhiver', 'Colza', 4, 100]",4.0,100.0
Navette d’hiver (graines),4112,OLEAGINEUX,OLEAGINEUX,OLEAGINEUX,Navette dhiver,[],[],,
Colza de printemps,4121,OLEAGINEUX,OLEAGINEUX,OLEAGINEUX,Colza de printemps,"[['CROPS_WL', 4121, 'Colza de printemps', 'Colza', 4, 100]]","['CROPS_WL', 4121, 'Colza de printemps', 'Colza', 4, 100]",4.0,100.0
Navette de printemps (graines),4122,OLEAGINEUX,OLEAGINEUX,OLEAGINEUX,Navette de printemps,[],[],,
Lin oléagineux,45,OLEAGINEUX,OLEAGINEUX,OLEAGINEUX,Lin oléagineux,"[['CROPS_WL', 45, 'Lin oléagineux', 'Plantes oléagineuses et fruits oléagineux', 4, 82], ['CROPS_WL', 45, 'Lin oléagineux', ""Cultures permanentes d'oléagineux"", 4, 82], ['CROPS_WL', 45, 'Lin oléagineux', 'Autres fruits oléagineux', 4, 82], ['CROPS_WL', 45, 'Lin oléagineux', 'Lin', 9, 100]]","['CROPS_WL', 45, 'Lin oléagineux', 'Lin', 9, 100]",9.0,100.0
Soja,43,OLEAGINEUX,OLEAGINEUX,OLEAGINEUX,Soja,"[['CROPS_WL', 43, 'Soja', 'Fèves de soja', 4, 100]]","['CROPS_WL', 43, 'Soja', 'Fèves de soja', 4, 100]",4.0,100.0
Tournesol,42,OLEAGINEUX,OLEAGINEUX,OLEAGINEUX,Tournesol,"[['CROPS_WL', 42, 'Tournesol', 'Tournesol', 4, 100]]","['CROPS_WL', 42, 'Tournesol', 'Tournesol', 4, 100]",4.0,100.0
Autres oléagineux*,46,OLEAGINEUX,OLEAGINEUX,OLEAGINEUX,oléagineux,"[['CROPS_WL', 46, 'oléagineux', 'Plantes oléagineuses et fruits oléagineux', 4, 100], ['CROPS_WL', 46, 'oléagineux', ""Cultures permanentes d'oléagineux"", 4, 100], ['CROPS_WL', 46, 'oléagineux', 'Autres fruits oléagineux', 4, 100]]","['CROPS_WL', 46, 'oléagineux', 'Plantes oléagineuses et fruits oléagineux', 4, 100]",4.0,100.0
Chanvre textile (culture soumise à autorisation préalable au semis),922,PLANTES A FIBRES,PLANTES A FIBRES,PLANTES A FIBRES,Chanvre textile,"[['CROPS_WL', 922, 'Chanvre textile', 'Chanvre', 9, 100]]","['CROPS_WL', 922, 'Chanvre textile', 'Chanvre', 9, 100]",9.0,100.0
Chanvre non textile (culture soumise à autorisation préalable au semis),872,PLANTES A FIBRES,PLANTES A FIBRES,PLANTES A FIBRES,Chanvre non textile,"[['CROPS_WL', 872, 'Chanvre non textile', 'Chanvre', 9, 100]]","['CROPS_WL', 872, 'Chanvre non textile', 'Chanvre', 9, 100]",9.0,100.0
Lin textile,921,PLANTES A FIBRES,PLANTES A FIBRES,PLANTES A FIBRES,Lin textile,"[['CROPS_WL', 921, 'Lin textile', 'Lin', 9, 100]]","['CROPS_WL', 921, 'Lin textile', 'Lin', 9, 100]",9.0,100.0
Pomme de terre (plants),902,POMMES DE TERRE,POMMES DE TERRE,POMMES DE TERRE,Pomme de terre,"[['GROUP_WL', 'POMMES DE TERRE', 'POMMES DE TERRE', 'Pommes', 3, 100], ['GROUP_WL', 'POMMES DE TERRE', 'POMMES DE TERRE', 'Pommes de terre', 5, 100], ['CROPS_WL', 902, 'Pomme de terre', 'Pommes de terre', 5, 97]]","['GROUP_WL', 'POMMES DE TERRE', 'POMMES DE TERRE', 'Pommes', 3, 100]",3.0,100.0
Pomme de terre (non hâtives),901,POMMES DE TERRE,POMMES DE TERRE,POMMES DE TERRE,Pomme de terre,"[['GROUP_WL', 'POMMES DE TERRE', 'POMMES DE TERRE', 'Pommes', 3, 100], ['GROUP_WL', 'POMMES DE TERRE', 'POMMES DE TERRE', 'Pommes de terre', 5, 100], ['CROPS_WL', 901, 'Pomme de terre', 'Pommes de terre', 5, 97]]","['GROUP_WL', 'POMMES DE TERRE', 'POMMES DE TERRE', 'Pommes', 3, 100]",3.0,100.0
Pomme de terre féculière,903,POMMES DE TERRE,POMMES DE TERRE,POMMES DE TERRE,Pomme de terre féculière,"[['GROUP_WL', 'POMMES DE TERRE', 'POMMES DE TERRE', 'Pommes', 3, 100], ['GROUP_WL', 'POMMES DE TERRE', 'POMMES DE TERRE', 'Pommes de terre', 5, 100]]","['GROUP_WL', 'POMMES DE TERRE', 'POMMES DE TERRE', 'Pommes', 3, 100]",3.0,100.0
Pomme de terre hâtives,904,POMMES DE TERRE,POMMES DE TERRE,POMMES DE TERRE,Pomme de terre hâtives,"[['GROUP_WL', 'POMMES DE TERRE', 'POMMES DE TERRE', 'Pommes', 3, 100], ['GROUP_WL', 'POMMES DE TERRE', 'POMMES DE TERRE', 'Pommes de terre', 5, 100]]","['GROUP_WL', 'POMMES DE TERRE', 'POMMES DE TERRE', 'Pommes', 3, 100]",3.0,100.0
"Pomme de terre (primeur, arrachage avant le 20 juin)",905,POMMES DE TERRE,POMMES DE TERRE,POMMES DE TERRE,Pomme de terre,"[['GROUP_WL', 'POMMES DE TERRE', 'POMMES DE TERRE', 'Pommes', 3, 100], ['GROUP_WL', 'POMMES DE TERRE', 'POMMES DE TERRE', 'Pommes de terre', 5, 100], ['CROPS_WL', 905, 'Pomme de terre', 'Pommes de terre', 5, 97]]","['GROUP_WL', 'POMMES DE TERRE', 'POMMES DE TERRE', 'Pommes', 3, 100]",3.0,100.0
Betterave fourragère,71,PRODUCTIONS FOURRAGERES,PRODUCTIONS FOURRAGERES,PRODUCTIONS FOURRAGERES,Betterave fourragère,[],[],,
Luzerne,73,PRODUCTIONS FOURRAGERES,PRODUCTIONS FOURRAGERES,PRODUCTIONS FOURRAGERES,Luzerne,[],[],,
"Prairie permanente (taux de couverture > 90%), hors rotation depuis 5 ans****",610,PRODUCTIONS FOURRAGERES,PRODUCTIONS FOURRAGERES,PRODUCTIONS FOURRAGERES,Prairie permanente hors rotation depuis 5 ans,[],[],,
"Prairie permanente (taux de couverture > 90%),avec contrat d’aide complémentaire
environnemental, hors rotation depuis 5 ans****",618,PRODUCTIONS FOURRAGERES,PRODUCTIONS FOURRAGERES,PRODUCTIONS FOURRAGERES,"Prairie permanente avec contrat daide complémentaire
environnemental hors rotation depuis 5 ans",[],[],,
"Prairie permanente (50%<taux de couverture <= 90%), hors rotation depuis 5 ans****",670,PRODUCTIONS FOURRAGERES,PRODUCTIONS FOURRAGERES,PRODUCTIONS FOURRAGERES,Prairie permanente hors rotation depuis 5 ans,[],[],,
"Prairie permanente (50%<taux de couverture <= 90%), avec contrat d’aide
complémentaire environnemental, hors rotation depuis 5 ans****",678,PRODUCTIONS FOURRAGERES,PRODUCTIONS FOURRAGERES,PRODUCTIONS FOURRAGERES,"Prairie permanente avec contrat daide
complémentaire environnemental hors rotation depuis 5 ans",[],[],,
"Autres surfaces pâturées (taux de couverture <= 50%), hors rotation depuis 5 ans****",600,PRODUCTIONS FOURRAGERES,PRODUCTIONS FOURRAGERES,PRODUCTIONS FOURRAGERES,surfaces pâturées hors rotation depuis 5 ans,[],[],,
"Autres surfaces pâturées (taux de couverture <= 50%), avec contrat d’aide
complémentaire environnemental, hors rotation depuis 5 ans****",608,PRODUCTIONS FOURRAGERES,PRODUCTIONS FOURRAGERES,PRODUCTIONS FOURRAGERES,"surfaces pâturées avec contrat daide
complémentaire environnemental hors rotation depuis 5 ans",[],[],,
Prairie temporaire,62,PRODUCTIONS FOURRAGERES,PRODUCTIONS FOURRAGERES,PRODUCTIONS FOURRAGERES,Prairie temporaire,[],[],,
Prairie à vocation à devenir permanente pour les parcelles en MAEC et N2000,623,PRODUCTIONS FOURRAGERES,PRODUCTIONS FOURRAGERES,PRODUCTIONS FOURRAGERES,Prairie à vocation à devenir permanente pour les parcelles en MAEC N2000,[],[],,
Trèfles,72,PRODUCTIONS FOURRAGERES,PRODUCTIONS FOURRAGERES,PRODUCTIONS FOURRAGERES,Trèfles,[],[],,
Carotte,7433,PRODUCTIONS FOURRAGERES,PRODUCTIONS FOURRAGERES,PRODUCTIONS FOURRAGERES,Carotte,"[['CROPS_WL', 7433, 'Carotte', 'Carottes', 2, 93]]","['CROPS_WL', 7433, 'Carotte', 'Carottes', 2, 93]",2.0,93.0
Carottes fourragères,742,PRODUCTIONS FOURRAGERES,PRODUCTIONS FOURRAGERES,PRODUCTIONS FOURRAGERES,Carottes fourragères,"[['CROPS_WL', 742, 'Carottes fourragères', 'Carottes', 2, 100]]","['CROPS_WL', 742, 'Carottes fourragères', 'Carottes', 2, 100]",2.0,100.0
Autres fourrages*,743,PRODUCTIONS FOURRAGERES,PRODUCTIONS FOURRAGERES,PRODUCTIONS FOURRAGERES,fourrages,[],[],,
Fèves et Féveroles d’hiver,521,PRODUCTIONS FOURRAGERES,PRODUCTIONS FOURRAGERES,PRODUCTIONS FOURRAGERES,Fèves Féveroles dhiver,"[['CROPS_WL', 521, 'Fèves Féveroles dhiver', 'Fèves', 7, 100]]","['CROPS_WL', 521, 'Fèves Féveroles dhiver', 'Fèves', 7, 100]",7.0,100.0
Fèves et Féveroles de printemps,522,PRODUCTIONS FOURRAGERES,PRODUCTIONS FOURRAGERES,PRODUCTIONS FOURRAGERES,Fèves Féveroles de printemps,"[['CROPS_WL', 522, 'Fèves Féveroles de printemps', 'Fèves', 7, 100]]","['CROPS_WL', 522, 'Fèves Féveroles de printemps', 'Fèves', 7, 100]",7.0,100.0
Lotier corniculé (Lotus corniculatis),57,PRODUCTIONS FOURRAGERES,PRODUCTIONS FOURRAGERES,PRODUCTIONS FOURRAGERES,Lotier corniculé,[],[],,
Lupin doux,53,PRODUCTIONS FOURRAGERES,PRODUCTIONS FOURRAGERES,PRODUCTIONS FOURRAGERES,Lupin doux,"[['CROPS_WL', 53, 'Lupin doux', 'Lupin', 7, 100]]","['CROPS_WL', 53, 'Lupin doux', 'Lupin', 7, 100]",7.0,100.0
Luzerne lupuline,56,PRODUCTIONS FOURRAGERES,PRODUCTIONS FOURRAGERES,PRODUCTIONS FOURRAGERES,Luzerne lupuline,[],[],,
Mélange protéagineux d'hiver + céréales ou autres espèces,541,PRODUCTIONS FOURRAGERES,PRODUCTIONS FOURRAGERES,PRODUCTIONS FOURRAGERES,Mélange protéagineux dhiver céréales espèces,"[['CROPS_WL', 541, 'Mélange protéagineux dhiver céréales espèces', 'Céréales', 1, 100]]","['CROPS_WL', 541, 'Mélange protéagineux dhiver céréales espèces', 'Céréales', 1, 100]",1.0,100.0
Mélange protéagineux de printemps + céréales ou autres espèces,542,PRODUCTIONS FOURRAGERES,PRODUCTIONS FOURRAGERES,PRODUCTIONS FOURRAGERES,Mélange protéagineux de printemps céréales espèces,"[['CROPS_WL', 542, 'Mélange protéagineux de printemps céréales espèces', 'Céréales', 1, 100]]","['CROPS_WL', 542, 'Mélange protéagineux de printemps céréales espèces', 'Céréales', 1, 100]",1.0,100.0
Mélange légumineuses fourragères + graminées prairiales,543,PRODUCTIONS FOURRAGERES,PRODUCTIONS FOURRAGERES,PRODUCTIONS FOURRAGERES,Mélange légumineuses fourragères graminées prairiales,"[['CROPS_WL', 543, 'Mélange légumineuses fourragères graminées prairiales', 'Légumineuses', 7, 100], ['CROPS_WL', 543, 'Mélange légumineuses fourragères graminées prairiales', 'Légumineuses', 7, 100]]","['CROPS_WL', 543, 'Mélange légumineuses fourragères graminées prairiales', 'Légumineuses', 7, 100]",7.0,100.0
Pois protéagineux d’hiver,511,PRODUCTIONS FOURRAGERES,PRODUCTIONS FOURRAGERES,PRODUCTIONS FOURRAGERES,Pois protéagineux dhiver,"[['CROPS_WL', 511, 'Pois protéagineux dhiver', 'Pois', 7, 100]]","['CROPS_WL', 511, 'Pois protéagineux dhiver', 'Pois', 7, 100]",7.0,100.0
Pois protéagineux de printemps,512,PRODUCTIONS FOURRAGERES,PRODUCTIONS FOURRAGERES,PRODUCTIONS FOURRAGERES,Pois protéagineux de printemps,"[['CROPS_WL', 512, 'Pois protéagineux de printemps', 'Pois', 7, 100]]","['CROPS_WL', 512, 'Pois protéagineux de printemps', 'Pois', 7, 100]",7.0,100.0
Sainfoin ( Onobrychis sativa),58,PRODUCTIONS FOURRAGERES,PRODUCTIONS FOURRAGERES,PRODUCTIONS FOURRAGERES,Sainfoin,[],[],,
Autres protéagineux*,55,PRODUCTIONS FOURRAGERES,PRODUCTIONS FOURRAGERES,PRODUCTIONS FOURRAGERES,protéagineux,[],[],,
Angél i que,881,AUTRES UTILISATIONS DU SOL,AUTRES UTILISATIONS DU SOL,UTILISATIONS DU SOL,Angél i que,[],[],,
Betterave sucrière,91,AUTRES UTILISATIONS DU SOL,AUTRES UTILISATIONS DU SOL,UTILISATIONS DU SOL,Betterave sucrière,"[['CROPS_WL', 91, 'Betterave sucrière', 'Betterave sucrière', 8, 100]]","['CROPS_WL', 91, 'Betterave sucrière', 'Betterave sucrière', 8, 100]",8.0,100.0
Chicorée à inuline,9811,AUTRES UTILISATIONS DU SOL,AUTRES UTILISATIONS DU SOL,UTILISATIONS DU SOL,Chicorée à inuline,"[['CROPS_WL', 9811, 'Chicorée à inuline', 'Chicorée', 2, 100]]","['CROPS_WL', 9811, 'Chicorée à inuline', 'Chicorée', 2, 100]",2.0,100.0
Chicorée à café,9812,AUTRES UTILISATIONS DU SOL,AUTRES UTILISATIONS DU SOL,UTILISATIONS DU SOL,Chicorée à café,"[['CROPS_WL', 9812, 'Chicorée à café', 'Chicorée', 2, 100], ['CROPS_WL', 9812, 'Chicorée à café', 'Café', 6, 100]]","['CROPS_WL', 9812, 'Chicorée à café', 'Chicorée', 2, 100]",2.0,100.0
Jachère herbacée,811,AUTRES UTILISATIONS DU SOL,AUTRES UTILISATIONS DU SOL,UTILISATIONS DU SOL,Jachère herbacée,[],[],,
Jachère NON herbacée,812,AUTRES UTILISATIONS DU SOL,AUTRES UTILISATIONS DU SOL,UTILISATIONS DU SOL,Jachère NON herbacée,[],[],,
Jachère mellifère,813,AUTRES UTILISATIONS DU SOL,AUTRES UTILISATIONS DU SOL,UTILISATIONS DU SOL,Jachère mellifère,[],[],,
Cultures forestières à rotation courte (taillis à très courte rotation),883,AUTRES UTILISATIONS DU SOL,AUTRES UTILISATIONS DU SOL,UTILISATIONS DU SOL,Cultures forestières à rotation courte,[],[],,
Multiplication de semences en mode de production biologique*,821,AUTRES UTILISATIONS DU SOL,AUTRES UTILISATIONS DU SOL,UTILISATIONS DU SOL,Multiplication de semences en mode de production biologique,[],[],,
Houblon,9822,AUTRES UTILISATIONS DU SOL,AUTRES UTILISATIONS DU SOL,UTILISATIONS DU SOL,Houblon,"[['CROPS_WL', 9822, 'Houblon', 'Houblon', 6, 100]]","['CROPS_WL', 9822, 'Houblon', 'Houblon', 6, 100]",6.0,100.0
Miscanthus,884,AUTRES UTILISATIONS DU SOL,AUTRES UTILISATIONS DU SOL,UTILISATIONS DU SOL,Miscanthus,[],[],,
Ortie,7431,AUTRES UTILISATIONS DU SOL,AUTRES UTILISATIONS DU SOL,UTILISATIONS DU SOL,Ortie,[],[],,
Plantes aromatiques,953,AUTRES UTILISATIONS DU SOL,AUTRES UTILISATIONS DU SOL,UTILISATIONS DU SOL,Plantes aromatiques,[],[],,
Plantes médicinales,957,AUTRES UTILISATIONS DU SOL,AUTRES UTILISATIONS DU SOL,UTILISATIONS DU SOL,Plantes médicinales,[],[],,
Tabac,9821,AUTRES UTILISATIONS DU SOL,AUTRES UTILISATIONS DU SOL,UTILISATIONS DU SOL,Tabac,"[['CROPS_WL', 9821, 'Tabac', 'Tabac', 9, 100]]","['CROPS_WL', 9821, 'Tabac', 'Tabac', 9, 100]",9.0,100.0
Couvert à finalité environnementale rémunéré par des tiers privés,874,AUTRES UTILISATIONS DU SOL,AUTRES UTILISATIONS DU SOL,UTILISATIONS DU SOL,Couvert à finalité environnementale rémunéré par des tiers privés,[],[],,
Tounière enherbée,751,AUTRES UTILISATIONS DU SOL,AUTRES UTILISATIONS DU SOL,UTILISATIONS DU SOL,Tounière enherbée,[],[],,
"Bande/parcelle aménagée MAE – MC7, MC8",754,AUTRES UTILISATIONS DU SOL,AUTRES UTILISATIONS DU SOL,UTILISATIONS DU SOL,Bandeparcelle aménagée MAE MC7 MC8,[],[],,
Bande bordure de champ,752,AUTRES UTILISATIONS DU SOL,AUTRES UTILISATIONS DU SOL,UTILISATIONS DU SOL,Bande bordure de champ,[],[],,
Parcours BIO (volaille ou porc),760,AUTRES UTILISATIONS DU SOL,AUTRES UTILISATIONS DU SOL,UTILISATIONS DU SOL,Parcours BIO,[],[],,
Autres couverts semés *,85,AUTRES UTILISATIONS DU SOL,AUTRES UTILISATIONS DU SOL,UTILISATIONS DU SOL,couverts semés,[],[],,
