ID_CROPS_FR,GROUP_FR,CROPS_FR,ID_GROUP_FR,GROUP_FR_filtered,CROPS_FR_filtered,match,max_match,ID_GROUP_ICC,sim
BTH,Blé tendre,Blé tendre d’hiver,1,Blé tendre,Blé tendre dhiver,"[['GROUP_FR', 1, 'Blé tendre', 'Blé', 1, 100], ['CROPS_FR', 'BTH', 'Blé tendre dhiver', 'Blé', 1, 100]]","['GROUP_FR', 1, 'Blé tendre', 'Blé', 1, 100]",1.0,100.0
BTP,Blé tendre,Blé tendre de printemps,1,Blé tendre,Blé tendre de printemps,"[['GROUP_FR', 1, 'Blé tendre', 'Blé', 1, 100], ['CROPS_FR', 'BTP', 'Blé tendre de printemps', 'Blé', 1, 100]]","['GROUP_FR', 1, 'Blé tendre', 'Blé', 1, 100]",1.0,100.0
MID,Maïs grain et ensilage,Maïs doux,2,Maïs grain ensilage,Maïs doux,"[['GROUP_FR', 2, 'Maïs grain ensilage', 'Maïs', 1, 100], ['CROPS_FR', 'MID', 'Maïs doux', 'Maïs', 1, 100]]","['GROUP_FR', 2, 'Maïs grain ensilage', 'Maïs', 1, 100]",1.0,100.0
MIE,Maïs grain et ensilage,Maïs ensilage,2,Maïs grain ensilage,Maïs ensilage,"[['GROUP_FR', 2, 'Maïs grain ensilage', 'Maïs', 1, 100], ['CROPS_FR', 'MIE', 'Maïs ensilage', 'Maïs', 1, 100]]","['GROUP_FR', 2, 'Maïs grain ensilage', 'Maïs', 1, 100]",1.0,100.0
MIS,Maïs grain et ensilage,Maïs,2,Maïs grain ensilage,Maïs,"[['GROUP_FR', 2, 'Maïs grain ensilage', 'Maïs', 1, 100], ['CROPS_FR', 'MIS', 'Maïs', 'Maïs', 1, 100]]","['GROUP_FR', 2, 'Maïs grain ensilage', 'Maïs', 1, 100]",1.0,100.0
ORH,Orge,Orge d'hiver,3,Orge,Orge dhiver,"[['GROUP_FR', 3, 'Orge', 'Orge', 1, 100], ['CROPS_FR', 'ORH', 'Orge dhiver', 'Orge', 1, 100]]","['GROUP_FR', 3, 'Orge', 'Orge', 1, 100]",1.0,100.0
ORP,Orge,Orge de printemps,3,Orge,Orge de printemps,"[['GROUP_FR', 3, 'Orge', 'Orge', 1, 100], ['CROPS_FR', 'ORP', 'Orge de printemps', 'Orge', 1, 100]]","['GROUP_FR', 3, 'Orge', 'Orge', 1, 100]",1.0,100.0
AVH,Autres céréales,Avoine d’hiver,4,céréales,Avoine dhiver,"[['GROUP_FR', 4, 'céréales', 'Céréales', 1, 88], ['GROUP_FR', 4, 'céréales', 'Céréales mélangées', 1, 88.0], ['GROUP_FR', 4, 'céréales', 'Autres céréales', 1, 100.0], ['CROPS_FR', 'AVH', 'Avoine dhiver', 'Avoine', 1, 100]]","['GROUP_FR', 4, 'céréales', 'Autres céréales', 1, 100.0]",1.0,100.0
AVP,Autres céréales,Avoine de printemps,4,céréales,Avoine de printemps,"[['GROUP_FR', 4, 'céréales', 'Céréales', 1, 88], ['GROUP_FR', 4, 'céréales', 'Céréales mélangées', 1, 88.0], ['GROUP_FR', 4, 'céréales', 'Autres céréales', 1, 100.0], ['CROPS_FR', 'AVP', 'Avoine de printemps', 'Avoine', 1, 100]]","['GROUP_FR', 4, 'céréales', 'Autres céréales', 1, 100.0]",1.0,100.0
BDH,Autres céréales,Blé dur d’hiver,4,céréales,Blé dur dhiver,"[['GROUP_FR', 4, 'céréales', 'Céréales', 1, 88], ['GROUP_FR', 4, 'céréales', 'Céréales mélangées', 1, 88.0], ['GROUP_FR', 4, 'céréales', 'Autres céréales', 1, 100.0], ['CROPS_FR', 'BDH', 'Blé dur dhiver', 'Blé', 1, 100]]","['GROUP_FR', 4, 'céréales', 'Autres céréales', 1, 100.0]",1.0,100.0
BDP,Autres céréales,Blé dur de printemps,4,céréales,Blé dur de printemps,"[['GROUP_FR', 4, 'céréales', 'Céréales', 1, 88], ['GROUP_FR', 4, 'céréales', 'Céréales mélangées', 1, 88.0], ['GROUP_FR', 4, 'céréales', 'Autres céréales', 1, 100.0], ['CROPS_FR', 'BDP', 'Blé dur de printemps', 'Blé', 1, 100]]","['GROUP_FR', 4, 'céréales', 'Autres céréales', 1, 100.0]",1.0,100.0
BDT,Autres céréales,Blé dur de printemps semé tardivement (après le 31/05),4,céréales,Blé dur de printemps semé tardivement,"[['GROUP_FR', 4, 'céréales', 'Céréales', 1, 88], ['GROUP_FR', 4, 'céréales', 'Céréales mélangées', 1, 88.0], ['GROUP_FR', 4, 'céréales', 'Autres céréales', 1, 100.0], ['CROPS_FR', 'BDT', 'Blé dur de printemps semé tardivement', 'Blé', 1, 100]]","['GROUP_FR', 4, 'céréales', 'Autres céréales', 1, 100.0]",1.0,100.0
CAG,Autres céréales,Autre céréale d’un autre genre,4,céréales,céréale dun genre,"[['GROUP_FR', 4, 'céréales', 'Céréales', 1, 88], ['GROUP_FR', 4, 'céréales', 'Céréales mélangées', 1, 88.0], ['GROUP_FR', 4, 'céréales', 'Autres céréales', 1, 100.0], ['CROPS_FR', 'CAG', 'céréale dun genre', 'Céréales', 1, 80]]","['GROUP_FR', 4, 'céréales', 'Autres céréales', 1, 100.0]",1.0,100.0
CGF,Autres céréales,Autre céréale de genre Fagopyrum,4,céréales,céréale de genre Fagopyrum,"[['GROUP_FR', 4, 'céréales', 'Céréales', 1, 88], ['GROUP_FR', 4, 'céréales', 'Céréales mélangées', 1, 88.0], ['GROUP_FR', 4, 'céréales', 'Autres céréales', 1, 100.0], ['CROPS_FR', 'CGF', 'céréale de genre Fagopyrum', 'Céréales', 1, 80]]","['GROUP_FR', 4, 'céréales', 'Autres céréales', 1, 100.0]",1.0,100.0
CGH,Autres céréales,Autre céréale de genre Phalaris,4,céréales,céréale de genre Phalaris,"[['GROUP_FR', 4, 'céréales', 'Céréales', 1, 88], ['GROUP_FR', 4, 'céréales', 'Céréales mélangées', 1, 88.0], ['GROUP_FR', 4, 'céréales', 'Autres céréales', 1, 100.0], ['CROPS_FR', 'CGH', 'céréale de genre Phalaris', 'Céréales', 1, 80]]","['GROUP_FR', 4, 'céréales', 'Autres céréales', 1, 100.0]",1.0,100.0
CGO,Autres céréales,Autre céréale de genre Sorghum,4,céréales,céréale de genre Sorghum,"[['GROUP_FR', 4, 'céréales', 'Céréales', 1, 88], ['GROUP_FR', 4, 'céréales', 'Céréales mélangées', 1, 88.0], ['GROUP_FR', 4, 'céréales', 'Autres céréales', 1, 100.0], ['CROPS_FR', 'CGO', 'céréale de genre Sorghum', 'Céréales', 1, 80]]","['GROUP_FR', 4, 'céréales', 'Autres céréales', 1, 100.0]",1.0,100.0
CGP,Autres céréales,Autre céréale de genre Panicum,4,céréales,céréale de genre Panicum,"[['GROUP_FR', 4, 'céréales', 'Céréales', 1, 88], ['GROUP_FR', 4, 'céréales', 'Céréales mélangées', 1, 88.0], ['GROUP_FR', 4, 'céréales', 'Autres céréales', 1, 100.0], ['CROPS_FR', 'CGP', 'céréale de genre Panicum', 'Céréales', 1, 80]]","['GROUP_FR', 4, 'céréales', 'Autres céréales', 1, 100.0]",1.0,100.0
CGS,Autres céréales,Autre céréale de genre Setaria,4,céréales,céréale de genre Setaria,"[['GROUP_FR', 4, 'céréales', 'Céréales', 1, 88], ['GROUP_FR', 4, 'céréales', 'Céréales mélangées', 1, 88.0], ['GROUP_FR', 4, 'céréales', 'Autres céréales', 1, 100.0], ['CROPS_FR', 'CGS', 'céréale de genre Setaria', 'Céréales', 1, 80]]","['GROUP_FR', 4, 'céréales', 'Autres céréales', 1, 100.0]",1.0,100.0
CHA,Autres céréales,Autre céréale d’hiver de genre Avena,4,céréales,céréale dhiver de genre Avena,"[['GROUP_FR', 4, 'céréales', 'Céréales', 1, 88], ['GROUP_FR', 4, 'céréales', 'Céréales mélangées', 1, 88.0], ['GROUP_FR', 4, 'céréales', 'Autres céréales', 1, 100.0], ['CROPS_FR', 'CHA', 'céréale dhiver de genre Avena', 'Céréales', 1, 80]]","['GROUP_FR', 4, 'céréales', 'Autres céréales', 1, 100.0]",1.0,100.0
CHH,Autres céréales,Autre céréale d’hiver de genre Hordeum,4,céréales,céréale dhiver de genre Hordeum,"[['GROUP_FR', 4, 'céréales', 'Céréales', 1, 88], ['GROUP_FR', 4, 'céréales', 'Céréales mélangées', 1, 88.0], ['GROUP_FR', 4, 'céréales', 'Autres céréales', 1, 100.0], ['CROPS_FR', 'CHH', 'céréale dhiver de genre Hordeum', 'Céréales', 1, 80]]","['GROUP_FR', 4, 'céréales', 'Autres céréales', 1, 100.0]",1.0,100.0
CHS,Autres céréales,Autre céréale d’hiver de genre Secale,4,céréales,céréale dhiver de genre Secale,"[['GROUP_FR', 4, 'céréales', 'Céréales', 1, 88], ['GROUP_FR', 4, 'céréales', 'Céréales mélangées', 1, 88.0], ['GROUP_FR', 4, 'céréales', 'Autres céréales', 1, 100.0], ['CROPS_FR', 'CHS', 'céréale dhiver de genre Secale', 'Céréales', 1, 80]]","['GROUP_FR', 4, 'céréales', 'Autres céréales', 1, 100.0]",1.0,100.0
CHT,Autres céréales,Autre céréale d’hiver de genre Triticum,4,céréales,céréale dhiver de genre Triticum,"[['GROUP_FR', 4, 'céréales', 'Céréales', 1, 88], ['GROUP_FR', 4, 'céréales', 'Céréales mélangées', 1, 88.0], ['GROUP_FR', 4, 'céréales', 'Autres céréales', 1, 100.0], ['CROPS_FR', 'CHT', 'céréale dhiver de genre Triticum', 'Céréales', 1, 80]]","['GROUP_FR', 4, 'céréales', 'Autres céréales', 1, 100.0]",1.0,100.0
CPA,Autres céréales,Autre céréale de printemps de genre Avena,4,céréales,céréale de printemps de genre Avena,"[['GROUP_FR', 4, 'céréales', 'Céréales', 1, 88], ['GROUP_FR', 4, 'céréales', 'Céréales mélangées', 1, 88.0], ['GROUP_FR', 4, 'céréales', 'Autres céréales', 1, 100.0], ['CROPS_FR', 'CPA', 'céréale de printemps de genre Avena', 'Céréales', 1, 80]]","['GROUP_FR', 4, 'céréales', 'Autres céréales', 1, 100.0]",1.0,100.0
CPH,Autres céréales,Autre céréale de printemps de genre Hordeum,4,céréales,céréale de printemps de genre Hordeum,"[['GROUP_FR', 4, 'céréales', 'Céréales', 1, 88], ['GROUP_FR', 4, 'céréales', 'Céréales mélangées', 1, 88.0], ['GROUP_FR', 4, 'céréales', 'Autres céréales', 1, 100.0], ['CROPS_FR', 'CPH', 'céréale de printemps de genre Hordeum', 'Céréales', 1, 80]]","['GROUP_FR', 4, 'céréales', 'Autres céréales', 1, 100.0]",1.0,100.0
CPS,Autres céréales,Autre céréale de printemps de genre Secale,4,céréales,céréale de printemps de genre Secale,"[['GROUP_FR', 4, 'céréales', 'Céréales', 1, 88], ['GROUP_FR', 4, 'céréales', 'Céréales mélangées', 1, 88.0], ['GROUP_FR', 4, 'céréales', 'Autres céréales', 1, 100.0], ['CROPS_FR', 'CPS', 'céréale de printemps de genre Secale', 'Céréales', 1, 80]]","['GROUP_FR', 4, 'céréales', 'Autres céréales', 1, 100.0]",1.0,100.0
CPT,Autres céréales,Autre céréale de printemps de genre Triticum,4,céréales,céréale de printemps de genre Triticum,"[['GROUP_FR', 4, 'céréales', 'Céréales', 1, 88], ['GROUP_FR', 4, 'céréales', 'Céréales mélangées', 1, 88.0], ['GROUP_FR', 4, 'céréales', 'Autres céréales', 1, 100.0], ['CROPS_FR', 'CPT', 'céréale de printemps de genre Triticum', 'Céréales', 1, 80]]","['GROUP_FR', 4, 'céréales', 'Autres céréales', 1, 100.0]",1.0,100.0
CPZ,Autres céréales,Autre céréale de printemps de genre Zea,4,céréales,céréale de printemps de genre Zea,"[['GROUP_FR', 4, 'céréales', 'Céréales', 1, 88], ['GROUP_FR', 4, 'céréales', 'Céréales mélangées', 1, 88.0], ['GROUP_FR', 4, 'céréales', 'Autres céréales', 1, 100.0], ['CROPS_FR', 'CPZ', 'céréale de printemps de genre Zea', 'Céréales', 1, 80]]","['GROUP_FR', 4, 'céréales', 'Autres céréales', 1, 100.0]",1.0,100.0
EPE,Autres céréales,Épeautre,4,céréales,Épe,"[['GROUP_FR', 4, 'céréales', 'Céréales', 1, 88], ['GROUP_FR', 4, 'céréales', 'Céréales mélangées', 1, 88.0], ['GROUP_FR', 4, 'céréales', 'Autres céréales', 1, 100.0]]","['GROUP_FR', 4, 'céréales', 'Autres céréales', 1, 100.0]",1.0,100.0
MCR,Autres céréales,Mélange de céréales,4,céréales,Mélange de céréales,"[['GROUP_FR', 4, 'céréales', 'Céréales', 1, 88], ['GROUP_FR', 4, 'céréales', 'Céréales mélangées', 1, 88.0], ['GROUP_FR', 4, 'céréales', 'Autres céréales', 1, 100.0], ['CROPS_FR', 'MCR', 'Mélange de céréales', 'Céréales', 1, 88]]","['GROUP_FR', 4, 'céréales', 'Autres céréales', 1, 100.0]",1.0,100.0
MLT,Autres céréales,Millet,4,céréales,Millet,"[['GROUP_FR', 4, 'céréales', 'Céréales', 1, 88], ['GROUP_FR', 4, 'céréales', 'Céréales mélangées', 1, 88.0], ['GROUP_FR', 4, 'céréales', 'Autres céréales', 1, 100.0], ['CROPS_FR', 'MLT', 'Millet', 'Millet', 1, 100]]","['GROUP_FR', 4, 'céréales', 'Autres céréales', 1, 100.0]",1.0,100.0
SGH,Autres céréales,Seigle d’hiver,4,céréales,Seigle dhiver,"[['GROUP_FR', 4, 'céréales', 'Céréales', 1, 88], ['GROUP_FR', 4, 'céréales', 'Céréales mélangées', 1, 88.0], ['GROUP_FR', 4, 'céréales', 'Autres céréales', 1, 100.0], ['CROPS_FR', 'SGH', 'Seigle dhiver', 'Seigle', 1, 100]]","['GROUP_FR', 4, 'céréales', 'Autres céréales', 1, 100.0]",1.0,100.0
SGP,Autres céréales,Seigle de printemps,4,céréales,Seigle de printemps,"[['GROUP_FR', 4, 'céréales', 'Céréales', 1, 88], ['GROUP_FR', 4, 'céréales', 'Céréales mélangées', 1, 88.0], ['GROUP_FR', 4, 'céréales', 'Autres céréales', 1, 100.0], ['CROPS_FR', 'SGP', 'Seigle de printemps', 'Seigle', 1, 100]]","['GROUP_FR', 4, 'céréales', 'Autres céréales', 1, 100.0]",1.0,100.0
SOG,Autres céréales,Sorgho,4,céréales,Sorgho,"[['GROUP_FR', 4, 'céréales', 'Céréales', 1, 88], ['GROUP_FR', 4, 'céréales', 'Céréales mélangées', 1, 88.0], ['GROUP_FR', 4, 'céréales', 'Autres céréales', 1, 100.0], ['CROPS_FR', 'SOG', 'Sorgho', 'Sorgho', 1, 100], ['CROPS_FR', 'SOG', 'Sorgho', 'Sorgho doux', 8, 100.0]]","['GROUP_FR', 4, 'céréales', 'Autres céréales', 1, 100.0]",1.0,100.0
SRS,Autres céréales,Sarrasin,4,céréales,Sarrasin,"[['GROUP_FR', 4, 'céréales', 'Céréales', 1, 88], ['GROUP_FR', 4, 'céréales', 'Céréales mélangées', 1, 88.0], ['GROUP_FR', 4, 'céréales', 'Autres céréales', 1, 100.0], ['CROPS_FR', 'SRS', 'Sarrasin', 'Sarrasin', 1, 100]]","['GROUP_FR', 4, 'céréales', 'Autres céréales', 1, 100.0]",1.0,100.0
TTH,Autres céréales,Triticale d’hiver,4,céréales,Triticale dhiver,"[['GROUP_FR', 4, 'céréales', 'Céréales', 1, 88], ['GROUP_FR', 4, 'céréales', 'Céréales mélangées', 1, 88.0], ['GROUP_FR', 4, 'céréales', 'Autres céréales', 1, 100.0], ['CROPS_FR', 'TTH', 'Triticale dhiver', 'Triticale', 1, 100]]","['GROUP_FR', 4, 'céréales', 'Autres céréales', 1, 100.0]",1.0,100.0
TTP,Autres céréales,Triticale de printemps,4,céréales,Triticale de printemps,"[['GROUP_FR', 4, 'céréales', 'Céréales', 1, 88], ['GROUP_FR', 4, 'céréales', 'Céréales mélangées', 1, 88.0], ['GROUP_FR', 4, 'céréales', 'Autres céréales', 1, 100.0], ['CROPS_FR', 'TTP', 'Triticale de printemps', 'Triticale', 1, 100]]","['GROUP_FR', 4, 'céréales', 'Autres céréales', 1, 100.0]",1.0,100.0
CZH,Colza,Colza d’hiver,5,Colza,Colza dhiver,"[['GROUP_FR', 5, 'Colza', 'Colza', 4, 100], ['CROPS_FR', 'CZH', 'Colza dhiver', 'Colza', 4, 100]]","['GROUP_FR', 5, 'Colza', 'Colza', 4, 100]",4.0,100.0
CZP,Colza,Colza de printemps,5,Colza,Colza de printemps,"[['GROUP_FR', 5, 'Colza', 'Colza', 4, 100], ['CROPS_FR', 'CZP', 'Colza de printemps', 'Colza', 4, 100]]","['GROUP_FR', 5, 'Colza', 'Colza', 4, 100]",4.0,100.0
TRN,Tournesol,Tournesol,6,Tournesol,Tournesol,"[['GROUP_FR', 6, 'Tournesol', 'Tournesol', 4, 100], ['CROPS_FR', 'TRN', 'Tournesol', 'Tournesol', 4, 100]]","['GROUP_FR', 6, 'Tournesol', 'Tournesol', 4, 100]",4.0,100.0
ARA,Autres oléagineux,Arachide,7,oléagineux,Arachide,"[['GROUP_FR', 7, 'oléagineux', 'Plantes oléagineuses et fruits oléagineux', 4, 100.0], ['GROUP_FR', 7, 'oléagineux', 'Autres cultures oléagineuses temporaires', 4, 82.0], ['GROUP_FR', 7, 'oléagineux', 'Autres cultures oléagineuses temporaires', 4, 82.0], ['GROUP_FR', 7, 'oléagineux', ""Cultures permanentes d'oléagineux"", 4, 91.0], ['GROUP_FR', 7, 'oléagineux', 'Autres fruits oléagineux', 4, 100.0], ['CROPS_FR', 'ARA', 'Arachide', 'Arachides', 4, 94]]","['GROUP_FR', 7, 'oléagineux', 'Plantes oléagineuses et fruits oléagineux', 4, 100.0]",4.0,100.0
LIH,Autres oléagineux,Lin non textile d’hiver,7,oléagineux,Lin non textile dhiver,"[['GROUP_FR', 7, 'oléagineux', 'Plantes oléagineuses et fruits oléagineux', 4, 100.0], ['GROUP_FR', 7, 'oléagineux', 'Autres cultures oléagineuses temporaires', 4, 82.0], ['GROUP_FR', 7, 'oléagineux', 'Autres cultures oléagineuses temporaires', 4, 82.0], ['GROUP_FR', 7, 'oléagineux', ""Cultures permanentes d'oléagineux"", 4, 91.0], ['GROUP_FR', 7, 'oléagineux', 'Autres fruits oléagineux', 4, 100.0], ['CROPS_FR', 'LIH', 'Lin non textile dhiver', 'Lin', 9, 100]]","['GROUP_FR', 7, 'oléagineux', 'Plantes oléagineuses et fruits oléagineux', 4, 100.0]",4.0,100.0
LIP,Autres oléagineux,Lin non textile de printemps,7,oléagineux,Lin non textile de printemps,"[['GROUP_FR', 7, 'oléagineux', 'Plantes oléagineuses et fruits oléagineux', 4, 100.0], ['GROUP_FR', 7, 'oléagineux', 'Autres cultures oléagineuses temporaires', 4, 82.0], ['GROUP_FR', 7, 'oléagineux', 'Autres cultures oléagineuses temporaires', 4, 82.0], ['GROUP_FR', 7, 'oléagineux', ""Cultures permanentes d'oléagineux"", 4, 91.0], ['GROUP_FR', 7, 'oléagineux', 'Autres fruits oléagineux', 4, 100.0], ['CROPS_FR', 'LIP', 'Lin non textile de printemps', 'Lin', 9, 100]]","['GROUP_FR', 7, 'oléagineux', 'Plantes oléagineuses et fruits oléagineux', 4, 100.0]",4.0,100.0
MOL,Autres oléagineux,Mélange d’oléagineux,7,oléagineux,Mélange doléagineux,"[['GROUP_FR', 7, 'oléagineux', 'Plantes oléagineuses et fruits oléagineux', 4, 100.0], ['GROUP_FR', 7, 'oléagineux', 'Autres cultures oléagineuses temporaires', 4, 82.0], ['GROUP_FR', 7, 'oléagineux', 'Autres cultures oléagineuses temporaires', 4, 82.0], ['GROUP_FR', 7, 'oléagineux', ""Cultures permanentes d'oléagineux"", 4, 91.0], ['GROUP_FR', 7, 'oléagineux', 'Autres fruits oléagineux', 4, 100.0]]","['GROUP_FR', 7, 'oléagineux', 'Plantes oléagineuses et fruits oléagineux', 4, 100.0]",4.0,100.0
NVE,Autres oléagineux,Navette d’été,7,oléagineux,Navette dété,"[['GROUP_FR', 7, 'oléagineux', 'Plantes oléagineuses et fruits oléagineux', 4, 100.0], ['GROUP_FR', 7, 'oléagineux', 'Autres cultures oléagineuses temporaires', 4, 82.0], ['GROUP_FR', 7, 'oléagineux', 'Autres cultures oléagineuses temporaires', 4, 82.0], ['GROUP_FR', 7, 'oléagineux', ""Cultures permanentes d'oléagineux"", 4, 91.0], ['GROUP_FR', 7, 'oléagineux', 'Autres fruits oléagineux', 4, 100.0]]","['GROUP_FR', 7, 'oléagineux', 'Plantes oléagineuses et fruits oléagineux', 4, 100.0]",4.0,100.0
NVH,Autres oléagineux,Navette d’hiver,7,oléagineux,Navette dhiver,"[['GROUP_FR', 7, 'oléagineux', 'Plantes oléagineuses et fruits oléagineux', 4, 100.0], ['GROUP_FR', 7, 'oléagineux', 'Autres cultures oléagineuses temporaires', 4, 82.0], ['GROUP_FR', 7, 'oléagineux', 'Autres cultures oléagineuses temporaires', 4, 82.0], ['GROUP_FR', 7, 'oléagineux', ""Cultures permanentes d'oléagineux"", 4, 91.0], ['GROUP_FR', 7, 'oléagineux', 'Autres fruits oléagineux', 4, 100.0]]","['GROUP_FR', 7, 'oléagineux', 'Plantes oléagineuses et fruits oléagineux', 4, 100.0]",4.0,100.0
OAG,Autres oléagineux,Autre oléagineux d’un autre genre,7,oléagineux,oléagineux dun genre,"[['GROUP_FR', 7, 'oléagineux', 'Plantes oléagineuses et fruits oléagineux', 4, 100.0], ['GROUP_FR', 7, 'oléagineux', 'Autres cultures oléagineuses temporaires', 4, 82.0], ['GROUP_FR', 7, 'oléagineux', 'Autres cultures oléagineuses temporaires', 4, 82.0], ['GROUP_FR', 7, 'oléagineux', ""Cultures permanentes d'oléagineux"", 4, 91.0], ['GROUP_FR', 7, 'oléagineux', 'Autres fruits oléagineux', 4, 100.0]]","['GROUP_FR', 7, 'oléagineux', 'Plantes oléagineuses et fruits oléagineux', 4, 100.0]",4.0,100.0
OEH,Autres oléagineux,Autre oléagineux d’espèce Helianthus,7,oléagineux,oléagineux despèce Helianthus,"[['GROUP_FR', 7, 'oléagineux', 'Plantes oléagineuses et fruits oléagineux', 4, 100.0], ['GROUP_FR', 7, 'oléagineux', 'Autres cultures oléagineuses temporaires', 4, 82.0], ['GROUP_FR', 7, 'oléagineux', 'Autres cultures oléagineuses temporaires', 4, 82.0], ['GROUP_FR', 7, 'oléagineux', ""Cultures permanentes d'oléagineux"", 4, 91.0], ['GROUP_FR', 7, 'oléagineux', 'Autres fruits oléagineux', 4, 100.0]]","['GROUP_FR', 7, 'oléagineux', 'Plantes oléagineuses et fruits oléagineux', 4, 100.0]",4.0,100.0
OEI,Autres oléagineux,Œillette,7,oléagineux,Œillette,"[['GROUP_FR', 7, 'oléagineux', 'Plantes oléagineuses et fruits oléagineux', 4, 100.0], ['GROUP_FR', 7, 'oléagineux', 'Autres cultures oléagineuses temporaires', 4, 82.0], ['GROUP_FR', 7, 'oléagineux', 'Autres cultures oléagineuses temporaires', 4, 82.0], ['GROUP_FR', 7, 'oléagineux', ""Cultures permanentes d'oléagineux"", 4, 91.0], ['GROUP_FR', 7, 'oléagineux', 'Autres fruits oléagineux', 4, 100.0]]","['GROUP_FR', 7, 'oléagineux', 'Plantes oléagineuses et fruits oléagineux', 4, 100.0]",4.0,100.0
OHN,Autres oléagineux,Autre oléagineux d’hiver d’espèce Brassica napus,7,oléagineux,oléagineux dhiver despèce Brassica napus,"[['GROUP_FR', 7, 'oléagineux', 'Plantes oléagineuses et fruits oléagineux', 4, 100.0], ['GROUP_FR', 7, 'oléagineux', 'Autres cultures oléagineuses temporaires', 4, 82.0], ['GROUP_FR', 7, 'oléagineux', 'Autres cultures oléagineuses temporaires', 4, 82.0], ['GROUP_FR', 7, 'oléagineux', ""Cultures permanentes d'oléagineux"", 4, 91.0], ['GROUP_FR', 7, 'oléagineux', 'Autres fruits oléagineux', 4, 100.0]]","['GROUP_FR', 7, 'oléagineux', 'Plantes oléagineuses et fruits oléagineux', 4, 100.0]",4.0,100.0
OHR,Autres oléagineux,Autre oléagineux d’hiver d’espèce Brassica rapa,7,oléagineux,oléagineux dhiver despèce Brassica rapa,"[['GROUP_FR', 7, 'oléagineux', 'Plantes oléagineuses et fruits oléagineux', 4, 100.0], ['GROUP_FR', 7, 'oléagineux', 'Autres cultures oléagineuses temporaires', 4, 82.0], ['GROUP_FR', 7, 'oléagineux', 'Autres cultures oléagineuses temporaires', 4, 82.0], ['GROUP_FR', 7, 'oléagineux', ""Cultures permanentes d'oléagineux"", 4, 91.0], ['GROUP_FR', 7, 'oléagineux', 'Autres fruits oléagineux', 4, 100.0]]","['GROUP_FR', 7, 'oléagineux', 'Plantes oléagineuses et fruits oléagineux', 4, 100.0]",4.0,100.0
OPN,Autres oléagineux,Autre oléagineux de printemps d’espèce Brassica napus,7,oléagineux,oléagineux de printemps despèce Brassica napus,"[['GROUP_FR', 7, 'oléagineux', 'Plantes oléagineuses et fruits oléagineux', 4, 100.0], ['GROUP_FR', 7, 'oléagineux', 'Autres cultures oléagineuses temporaires', 4, 82.0], ['GROUP_FR', 7, 'oléagineux', 'Autres cultures oléagineuses temporaires', 4, 82.0], ['GROUP_FR', 7, 'oléagineux', ""Cultures permanentes d'oléagineux"", 4, 91.0], ['GROUP_FR', 7, 'oléagineux', 'Autres fruits oléagineux', 4, 100.0]]","['GROUP_FR', 7, 'oléagineux', 'Plantes oléagineuses et fruits oléagineux', 4, 100.0]",4.0,100.0
OPR,Autres oléagineux,Autre oléagineux de printemps d’espèce Brassica rapa,7,oléagineux,oléagineux de printemps despèce Brassica rapa,"[['GROUP_FR', 7, 'oléagineux', 'Plantes oléagineuses et fruits oléagineux', 4, 100.0], ['GROUP_FR', 7, 'oléagineux', 'Autres cultures oléagineuses temporaires', 4, 82.0], ['GROUP_FR', 7, 'oléagineux', 'Autres cultures oléagineuses temporaires', 4, 82.0], ['GROUP_FR', 7, 'oléagineux', ""Cultures permanentes d'oléagineux"", 4, 91.0], ['GROUP_FR', 7, 'oléagineux', 'Autres fruits oléagineux', 4, 100.0]]","['GROUP_FR', 7, 'oléagineux', 'Plantes oléagineuses et fruits oléagineux', 4, 100.0]",4.0,100.0
SOJ,Autres oléagineux,Soja,7,oléagineux,Soja,"[['GROUP_FR', 7, 'oléagineux', 'Plantes oléagineuses et fruits oléagineux', 4, 100.0], ['GROUP_FR', 7, 'oléagineux', 'Autres cultures oléagineuses temporaires', 4, 82.0], ['GROUP_FR', 7, 'oléagineux', 'Autres cultures oléagineuses temporaires', 4, 82.0], ['GROUP_FR', 7, 'oléagineux', ""Cultures permanentes d'oléagineux"", 4, 91.0], ['GROUP_FR', 7, 'oléagineux', 'Autres fruits oléagineux', 4, 100.0]]","['GROUP_FR', 7, 'oléagineux', 'Plantes oléagineuses et fruits oléagineux', 4, 100.0]",4.0,100.0
FEV,Protéagineux,Fève,8,Protéagineux,Fève,"[['GROUP_FR', 8, 'Protéagineux', 'Plantes oléagineuses et fruits oléagineux', 4, 82.0], ['GROUP_FR', 8, 'Protéagineux', 'Autres fruits oléagineux', 4, 82.0], ['CROPS_FR', 'FEV', 'Fève', 'Fèves de soja', 4, 89.0], ['CROPS_FR', 'FEV', 'Fève', 'Fèves', 7, 89]]","['CROPS_FR', 'FEV', 'Fève', 'Fèves de soja', 4, 89.0]",4.0,89.0
FVL,Protéagineux,Féverole semée avant le 31/05,8,Protéagineux,Féverole semée avant le 3105,"[['GROUP_FR', 8, 'Protéagineux', 'Plantes oléagineuses et fruits oléagineux', 4, 82.0], ['GROUP_FR', 8, 'Protéagineux', 'Autres fruits oléagineux', 4, 82.0]]","['GROUP_FR', 8, 'Protéagineux', 'Plantes oléagineuses et fruits oléagineux', 4, 82.0]",4.0,82.0
FVT,Protéagineux,Féverole semée tardivement (après le 31/05),8,Protéagineux,Féverole semée tardivement,"[['GROUP_FR', 8, 'Protéagineux', 'Plantes oléagineuses et fruits oléagineux', 4, 82.0], ['GROUP_FR', 8, 'Protéagineux', 'Autres fruits oléagineux', 4, 82.0]]","['GROUP_FR', 8, 'Protéagineux', 'Plantes oléagineuses et fruits oléagineux', 4, 82.0]",4.0,82.0
LDH,Protéagineux,Lupin doux d’hiver,8,Protéagineux,Lupin doux dhiver,"[['GROUP_FR', 8, 'Protéagineux', 'Plantes oléagineuses et fruits oléagineux', 4, 82.0], ['GROUP_FR', 8, 'Protéagineux', 'Autres fruits oléagineux', 4, 82.0], ['CROPS_FR', 'LDH', 'Lupin doux dhiver', 'Lupin', 7, 100]]","['CROPS_FR', 'LDH', 'Lupin doux dhiver', 'Lupin', 7, 100]",7.0,100.0
LDP,Protéagineux,Lupin doux de printemps semé avant le 31/05,8,Protéagineux,Lupin doux de printemps semé avant le 3105,"[['GROUP_FR', 8, 'Protéagineux', 'Plantes oléagineuses et fruits oléagineux', 4, 82.0], ['GROUP_FR', 8, 'Protéagineux', 'Autres fruits oléagineux', 4, 82.0], ['CROPS_FR', 'LDP', 'Lupin doux de printemps semé avant le 3105', 'Lupin', 7, 100]]","['CROPS_FR', 'LDP', 'Lupin doux de printemps semé avant le 3105', 'Lupin', 7, 100]",7.0,100.0
LDT,Protéagineux,Lupin doux de printemps semé tardivement (après le 31/05),8,Protéagineux,Lupin doux de printemps semé tardivement,"[['GROUP_FR', 8, 'Protéagineux', 'Plantes oléagineuses et fruits oléagineux', 4, 82.0], ['GROUP_FR', 8, 'Protéagineux', 'Autres fruits oléagineux', 4, 82.0], ['CROPS_FR', 'LDT', 'Lupin doux de printemps semé tardivement', 'Lupin', 7, 100]]","['CROPS_FR', 'LDT', 'Lupin doux de printemps semé tardivement', 'Lupin', 7, 100]",7.0,100.0
MPC,Protéagineux,Mélange de protéagineux (pois et/ou lupin et/ou féverole) prépondérants semés avant le 31/05 et de céréales,8,Protéagineux,Mélange de protéagineux prépondérants semés avant le 3105 de céréales,"[['GROUP_FR', 8, 'Protéagineux', 'Plantes oléagineuses et fruits oléagineux', 4, 82.0], ['GROUP_FR', 8, 'Protéagineux', 'Autres fruits oléagineux', 4, 82.0], ['CROPS_FR', 'MPC', 'Mélange de protéagineux prépondérants semés avant le 3105 de céréales', 'Céréales', 1, 88]]","['CROPS_FR', 'MPC', 'Mélange de protéagineux prépondérants semés avant le 3105 de céréales', 'Céréales', 1, 88]",1.0,88.0
MPP,Protéagineux,Mélange de protéagineux (pois et/ou lupin et/ou féverole),8,Protéagineux,Mélange de protéagineux,"[['GROUP_FR', 8, 'Protéagineux', 'Plantes oléagineuses et fruits oléagineux', 4, 82.0], ['GROUP_FR', 8, 'Protéagineux', 'Autres fruits oléagineux', 4, 82.0]]","['GROUP_FR', 8, 'Protéagineux', 'Plantes oléagineuses et fruits oléagineux', 4, 82.0]",4.0,82.0
MPT,Protéagineux,Mélange de protéagineux semés tardivement (après le 31/05),8,Protéagineux,Mélange de protéagineux semés tardivement,"[['GROUP_FR', 8, 'Protéagineux', 'Plantes oléagineuses et fruits oléagineux', 4, 82.0], ['GROUP_FR', 8, 'Protéagineux', 'Autres fruits oléagineux', 4, 82.0]]","['GROUP_FR', 8, 'Protéagineux', 'Plantes oléagineuses et fruits oléagineux', 4, 82.0]",4.0,82.0
PAG,Protéagineux,Autre protéagineux d’un autre genre,8,Protéagineux,protéagineux dun genre,"[['GROUP_FR', 8, 'Protéagineux', 'Plantes oléagineuses et fruits oléagineux', 4, 82.0], ['GROUP_FR', 8, 'Protéagineux', 'Autres fruits oléagineux', 4, 82.0]]","['GROUP_FR', 8, 'Protéagineux', 'Plantes oléagineuses et fruits oléagineux', 4, 82.0]",4.0,82.0
PHI,Protéagineux,Pois d’hiver,8,Protéagineux,Pois dhiver,"[['GROUP_FR', 8, 'Protéagineux', 'Plantes oléagineuses et fruits oléagineux', 4, 82.0], ['GROUP_FR', 8, 'Protéagineux', 'Autres fruits oléagineux', 4, 82.0], ['CROPS_FR', 'PHI', 'Pois dhiver', 'Pois', 7, 100]]","['CROPS_FR', 'PHI', 'Pois dhiver', 'Pois', 7, 100]",7.0,100.0
PPR,Protéagineux,Pois de printemps semé avant le 31/05,8,Protéagineux,Pois de printemps semé avant le 3105,"[['GROUP_FR', 8, 'Protéagineux', 'Plantes oléagineuses et fruits oléagineux', 4, 82.0], ['GROUP_FR', 8, 'Protéagineux', 'Autres fruits oléagineux', 4, 82.0], ['CROPS_FR', 'PPR', 'Pois de printemps semé avant le 3105', 'Pois', 7, 100]]","['CROPS_FR', 'PPR', 'Pois de printemps semé avant le 3105', 'Pois', 7, 100]",7.0,100.0
PPT,Protéagineux,Pois de printemps semé tardivement (après le 31/05),8,Protéagineux,Pois de printemps semé tardivement,"[['GROUP_FR', 8, 'Protéagineux', 'Plantes oléagineuses et fruits oléagineux', 4, 82.0], ['GROUP_FR', 8, 'Protéagineux', 'Autres fruits oléagineux', 4, 82.0], ['CROPS_FR', 'PPT', 'Pois de printemps semé tardivement', 'Pois', 7, 100]]","['CROPS_FR', 'PPT', 'Pois de printemps semé tardivement', 'Pois', 7, 100]",7.0,100.0
CHV,Plantes à fibres,Chanvre,9,Plantes à fibres,Chanvre,"[['CROPS_FR', 'CHV', 'Chanvre', 'Chanvre', 9, 100]]","['CROPS_FR', 'CHV', 'Chanvre', 'Chanvre', 9, 100]",9.0,100.0
CSE,Plantes à fibres,Chanvre sans étiquette conforme,9,Plantes à fibres,Chanvre sans étiquette conforme,"[['CROPS_FR', 'CSE', 'Chanvre sans étiquette conforme', 'Chanvre', 9, 100]]","['CROPS_FR', 'CSE', 'Chanvre sans étiquette conforme', 'Chanvre', 9, 100]",9.0,100.0
LIF,Plantes à fibres,Lin fibres,9,Plantes à fibres,Lin fibres,"[['CROPS_FR', 'LIF', 'Lin fibres', 'Lin', 9, 100]]","['CROPS_FR', 'LIF', 'Lin fibres', 'Lin', 9, 100]",9.0,100.0
J5M,Gel (surfaces gelées sans production),Jachère de 5 ans ou moins,11,Gel,Jachère de 5 ans moins,[],[],,
J6P,Gel (surfaces gelées sans production),Jachère de 6 ans ou plus,11,Gel,Jachère de 6 ans plus,[],[],,
J6S,Gel (surfaces gelées sans production),Jachère de 6 ans ou plus déclarée comme Surface d’intérêt écologique,11,Gel,Jachère de 6 ans plus déclarée comme Surface dintérêt écologique,[],[],,
JNO,Gel (surfaces gelées sans production),Jachère noire,11,Gel,Jachère noire,[],[],,
RIZ,Riz,Riz,14,Riz,Riz,"[['GROUP_FR', 14, 'Riz', 'Riz', 1, 100], ['CROPS_FR', 'RIZ', 'Riz', 'Riz', 1, 100]]","['GROUP_FR', 14, 'Riz', 'Riz', 1, 100]",1.0,100.0
LEC,Légumineuses à grains,Lentille cultivée (non fourragère),15,Légumineuses à grains,Lentille cultivée,"[['GROUP_FR', 15, 'Légumineuses à grains', 'Légumineuses', 7, 100], ['GROUP_FR', 15, 'Légumineuses à grains', 'Légumineuses', 7, 100], ['CROPS_FR', 'LEC', 'Lentille cultivée', 'Lentilles', 7, 94]]","['GROUP_FR', 15, 'Légumineuses à grains', 'Légumineuses', 7, 100]",7.0,100.0
PCH,Légumineuses à grains,Pois chiche,15,Légumineuses à grains,Pois chiche,"[['GROUP_FR', 15, 'Légumineuses à grains', 'Légumineuses', 7, 100], ['GROUP_FR', 15, 'Légumineuses à grains', 'Légumineuses', 7, 100], ['CROPS_FR', 'PCH', 'Pois chiche', 'Pois chiches', 7, 96.0], ['CROPS_FR', 'PCH', 'Pois chiche', 'Pois', 7, 100]]","['GROUP_FR', 15, 'Légumineuses à grains', 'Légumineuses', 7, 100]",7.0,100.0
BVF,Fourrage,Betterave fourragère,16,Fourrage,Betterave fourragère,[],[],,
CAF,Fourrage,Carotte fourragère,16,Fourrage,Carotte fourragère,"[['CROPS_FR', 'CAF', 'Carotte fourragère', 'Carottes', 2, 93]]","['CROPS_FR', 'CAF', 'Carotte fourragère', 'Carottes', 2, 93]",2.0,93.0
CHF,Fourrage,Chou fourrager,16,Fourrage,Chou fourrager,"[['CROPS_FR', 'CHF', 'Chou fourrager', 'Choux', 2, 89]]","['CROPS_FR', 'CHF', 'Chou fourrager', 'Choux', 2, 89]",2.0,89.0
CPL,Fourrage,Fourrage composé de céréales et/ou de protéagineux (en proportion < 50%) et/ou de légumineuses fourragères (en proportion < 50%),16,Fourrage,Fourrage composé de céréalesou de protéagineux ou de légumineuses fourragères,"[['CROPS_FR', 'CPL', 'Fourrage composé de céréalesou de protéagineux ou de légumineuses fourragères', 'Légumineuses', 7, 92], ['CROPS_FR', 'CPL', 'Fourrage composé de céréalesou de protéagineux ou de légumineuses fourragères', 'Légumineuses', 7, 92]]","['CROPS_FR', 'CPL', 'Fourrage composé de céréalesou de protéagineux ou de légumineuses fourragères', 'Légumineuses', 7, 92]",7.0,92.0
DTY,Fourrage,Dactyle de 5 ans ou moins,16,Fourrage,Dactyle de 5 ans moins,[],[],,
FAG,Fourrage,Autre fourrage annuel d’un autre genre,16,Fourrage,fourrage annuel dun genre,[],[],,
FET,Fourrage,Fétuque de 5 ans ou moins,16,Fourrage,Fétuque de 5 ans moins,[],[],,
FF5,Fourrage,Féverole fourragère implantée pour la récolte 2015,16,Fourrage,Féverole fourragère implantée pour la récolte 2015,[],[],,
FF6,Fourrage,Féverole fourragère implantée pour la récolte 2016,16,Fourrage,Féverole fourragère implantée pour la récolte 2016,[],[],,
FF7,Fourrage,Féverole fourragère implantée pour la récolte 2017,16,Fourrage,Féverole fourragère implantée pour la récolte 2017,[],[],,
FF8,Fourrage,Féverole fourragère implantée pour la récolte 2018,16,Fourrage,Féverole fourragère implantée pour la récolte 2018,[],[],,
FFO,Fourrage,Autre féverole fourragère,16,Fourrage,féverole fourragère,[],[],,
FLO,Fourrage,Fléole de 5 ans ou moins,16,Fourrage,Fléole de 5 ans moins,[],[],,
FSG,Fourrage,Autre plante fourragère sarclée d’un autre genre,16,Fourrage,plante fourragère sarclée dun genre,[],[],,
GAI,Fourrage,Gaillet,16,Fourrage,Gaillet,[],[],,
GES,Fourrage,Gesse,16,Fourrage,Gesse,[],[],,
GFP,Fourrage,Autre graminée fourragère pure de 5 ans ou moins,16,Fourrage,graminée fourragère pure de 5 ans moins,[],[],,
JO5,Fourrage,Jarosse implantée pour la récolte 2015,16,Fourrage,Jarosse implantée pour la récolte 2015,[],[],,
JO6,Fourrage,Jarosse implantée pour la récolte 2016,16,Fourrage,Jarosse implantée pour la récolte 2016,[],[],,
JO7,Fourrage,Jarosse implantée pour la récolte 2017,16,Fourrage,Jarosse implantée pour la récolte 2017,[],[],,
JO8,Fourrage,Jarosse implantée pour la récolte 2018,16,Fourrage,Jarosse implantée pour la récolte 2018,[],[],,
JOD,Fourrage,Jarosse déshydratée,16,Fourrage,Jarosse déshydratée,[],[],,
JOS,Fourrage,Autre jarosse,16,Fourrage,jarosse,[],[],,
LEF,Fourrage,Lentille fourragère,16,Fourrage,Lentille fourragère,"[['CROPS_FR', 'LEF', 'Lentille fourragère', 'Lentilles', 7, 94]]","['CROPS_FR', 'LEF', 'Lentille fourragère', 'Lentilles', 7, 94]",7.0,94.0
LFH,Fourrage,Autre lupin fourrager d’hiver,16,Fourrage,lupin fourrager dhiver,"[['CROPS_FR', 'LFH', 'lupin fourrager dhiver', 'Lupin', 7, 80]]","['CROPS_FR', 'LFH', 'lupin fourrager dhiver', 'Lupin', 7, 80]",7.0,80.0
LFP,Fourrage,Autre lupin fourrager de printemps,16,Fourrage,lupin fourrager de printemps,"[['CROPS_FR', 'LFP', 'lupin fourrager de printemps', 'Lupin', 7, 80]]","['CROPS_FR', 'LFP', 'lupin fourrager de printemps', 'Lupin', 7, 80]",7.0,80.0
LH5,Fourrage,Lupin fourrager d’hiver implanté pour la récolte 2015,16,Fourrage,Lupin fourrager dhiver implanté pour la récolte 2015,"[['CROPS_FR', 'LH5', 'Lupin fourrager dhiver implanté pour la récolte 2015', 'Lupin', 7, 100]]","['CROPS_FR', 'LH5', 'Lupin fourrager dhiver implanté pour la récolte 2015', 'Lupin', 7, 100]",7.0,100.0
LH6,Fourrage,Lupin fourrager d’hiver implanté pour la récolte 2016,16,Fourrage,Lupin fourrager dhiver implanté pour la récolte 2016,"[['CROPS_FR', 'LH6', 'Lupin fourrager dhiver implanté pour la récolte 2016', 'Lupin', 7, 100]]","['CROPS_FR', 'LH6', 'Lupin fourrager dhiver implanté pour la récolte 2016', 'Lupin', 7, 100]",7.0,100.0
LH7,Fourrage,Lupin fourrager d’hiver implanté pour la récolte 2017,16,Fourrage,Lupin fourrager dhiver implanté pour la récolte 2017,"[['CROPS_FR', 'LH7', 'Lupin fourrager dhiver implanté pour la récolte 2017', 'Lupin', 7, 100]]","['CROPS_FR', 'LH7', 'Lupin fourrager dhiver implanté pour la récolte 2017', 'Lupin', 7, 100]",7.0,100.0
LH8,Fourrage,Lupin fourrager d'hiver implanté pour la récolte 2018,16,Fourrage,Lupin fourrager dhiver implanté pour la récolte 2018,"[['CROPS_FR', 'LH8', 'Lupin fourrager dhiver implanté pour la récolte 2018', 'Lupin', 7, 100]]","['CROPS_FR', 'LH8', 'Lupin fourrager dhiver implanté pour la récolte 2018', 'Lupin', 7, 100]",7.0,100.0
LO7,Fourrage,Lotier implanté pour la récolte 2017,16,Fourrage,Lotier implanté pour la récolte 2017,[],[],,
LO8,Fourrage,Lotier implanté pour la récolte 2018,16,Fourrage,Lotier implanté pour la récolte 2018,[],[],,
LOT,Fourrage,Lotier,16,Fourrage,Lotier,[],[],,
LP5,Fourrage,Lupin fourrager de printemps implanté pour la récolte 2015,16,Fourrage,Lupin fourrager de printemps implanté pour la récolte 2015,"[['CROPS_FR', 'LP5', 'Lupin fourrager de printemps implanté pour la récolte 2015', 'Lupin', 7, 100]]","['CROPS_FR', 'LP5', 'Lupin fourrager de printemps implanté pour la récolte 2015', 'Lupin', 7, 100]",7.0,100.0
LP6,Fourrage,Lupin fourrager de printemps implanté pour la récolte 2016,16,Fourrage,Lupin fourrager de printemps implanté pour la récolte 2016,"[['CROPS_FR', 'LP6', 'Lupin fourrager de printemps implanté pour la récolte 2016', 'Lupin', 7, 100]]","['CROPS_FR', 'LP6', 'Lupin fourrager de printemps implanté pour la récolte 2016', 'Lupin', 7, 100]",7.0,100.0
LP7,Fourrage,Lupin fourrager de printemps implanté pour la récolte 2017,16,Fourrage,Lupin fourrager de printemps implanté pour la récolte 2017,"[['CROPS_FR', 'LP7', 'Lupin fourrager de printemps implanté pour la récolte 2017', 'Lupin', 7, 100]]","['CROPS_FR', 'LP7', 'Lupin fourrager de printemps implanté pour la récolte 2017', 'Lupin', 7, 100]",7.0,100.0
LP8,Fourrage,Lupin fourrager de printemps implanté pour la récolte 2018,16,Fourrage,Lupin fourrager de printemps implanté pour la récolte 2018,"[['CROPS_FR', 'LP8', 'Lupin fourrager de printemps implanté pour la récolte 2018', 'Lupin', 7, 100]]","['CROPS_FR', 'LP8', 'Lupin fourrager de printemps implanté pour la récolte 2018', 'Lupin', 7, 100]",7.0,100.0
LU5,Fourrage,Luzerne implantée pour la récolte 2015,16,Fourrage,Luzerne implantée pour la récolte 2015,[],[],,
LU6,Fourrage,Luzerne implantée pour la récolte 2016,16,Fourrage,Luzerne implantée pour la récolte 2016,[],[],,
LU7,Fourrage,Luzerne implantée pour la récolte 2017,16,Fourrage,Luzerne implantée pour la récolte 2017,[],[],,
LU8,Fourrage,Luzerne implantée pour la récolte 2018,16,Fourrage,Luzerne implantée pour la récolte 2018,[],[],,
LUD,Fourrage,Luzerne déshydratée,16,Fourrage,Luzerne déshydratée,[],[],,
LUZ,Fourrage,Autre luzerne,16,Fourrage,luzerne,[],[],,
MC5,Fourrage,Mélange de légumineuses fourragères prépondérantes au semis implantées pour la récolte 2015 et de céréales,16,Fourrage,Mélange de légumineuses fourragères prépondérantes au semis implantées pour la récolte 2015 de céréales,"[['CROPS_FR', 'MC5', 'Mélange de légumineuses fourragères prépondérantes au semis implantées pour la récolte 2015 de céréales', 'Céréales', 1, 88], ['CROPS_FR', 'MC5', 'Mélange de légumineuses fourragères prépondérantes au semis implantées pour la récolte 2015 de céréales', 'Légumineuses', 7, 92], ['CROPS_FR', 'MC5', 'Mélange de légumineuses fourragères prépondérantes au semis implantées pour la récolte 2015 de céréales', 'Légumineuses', 7, 92]]","['CROPS_FR', 'MC5', 'Mélange de légumineuses fourragères prépondérantes au semis implantées pour la récolte 2015 de céréales', 'Légumineuses', 7, 92]",7.0,92.0
MC6,Fourrage,Mélange de légumineuses fourragères prépondérantes au semis implantées pour la récolte 2016 et de céréales,16,Fourrage,Mélange de légumineuses fourragères prépondérantes au semis implantées pour la récolte 2016 de céréales,"[['CROPS_FR', 'MC6', 'Mélange de légumineuses fourragères prépondérantes au semis implantées pour la récolte 2016 de céréales', 'Céréales', 1, 88], ['CROPS_FR', 'MC6', 'Mélange de légumineuses fourragères prépondérantes au semis implantées pour la récolte 2016 de céréales', 'Légumineuses', 7, 92], ['CROPS_FR', 'MC6', 'Mélange de légumineuses fourragères prépondérantes au semis implantées pour la récolte 2016 de céréales', 'Légumineuses', 7, 92]]","['CROPS_FR', 'MC6', 'Mélange de légumineuses fourragères prépondérantes au semis implantées pour la récolte 2016 de céréales', 'Légumineuses', 7, 92]",7.0,92.0
MC7,Fourrage,Mélange de légumineuses fourragères prépondérantes au semis implantées pour la récolte 2017 et de céréales,16,Fourrage,Mélange de légumineuses fourragères prépondérantes au semis implantées pour la récolte 2017 de céréales,"[['CROPS_FR', 'MC7', 'Mélange de légumineuses fourragères prépondérantes au semis implantées pour la récolte 2017 de céréales', 'Céréales', 1, 88], ['CROPS_FR', 'MC7', 'Mélange de légumineuses fourragères prépondérantes au semis implantées pour la récolte 2017 de céréales', 'Légumineuses', 7, 92], ['CROPS_FR', 'MC7', 'Mélange de légumineuses fourragères prépondérantes au semis implantées pour la récolte 2017 de céréales', 'Légumineuses', 7, 92]]","['CROPS_FR', 'MC7', 'Mélange de légumineuses fourragères prépondérantes au semis implantées pour la récolte 2017 de céréales', 'Légumineuses', 7, 92]",7.0,92.0
MC8,Fourrage,Mélange de légumineuses fourragères prépondérantes implantées pour la récolte 2018 et de céréales et d’oléagineux,16,Fourrage,Mélange de légumineuses fourragères prépondérantes implantées pour la récolte 2018 de céréales doléagineux,"[['CROPS_FR', 'MC8', 'Mélange de légumineuses fourragères prépondérantes implantées pour la récolte 2018 de céréales doléagineux', 'Céréales', 1, 88], ['CROPS_FR', 'MC8', 'Mélange de légumineuses fourragères prépondérantes implantées pour la récolte 2018 de céréales doléagineux', 'Légumineuses', 7, 92], ['CROPS_FR', 'MC8', 'Mélange de légumineuses fourragères prépondérantes implantées pour la récolte 2018 de céréales doléagineux', 'Légumineuses', 7, 92]]","['CROPS_FR', 'MC8', 'Mélange de légumineuses fourragères prépondérantes implantées pour la récolte 2018 de céréales doléagineux', 'Légumineuses', 7, 92]",7.0,92.0
ME5,Fourrage,Mélilot implanté pour la récolte 2015,16,Fourrage,Mélilot implanté pour la récolte 2015,[],[],,
ME6,Fourrage,Mélilot implanté pour la récolte 2016,16,Fourrage,Mélilot implanté pour la récolte 2016,[],[],,
ME7,Fourrage,Mélilot implanté pour la récolte 2017,16,Fourrage,Mélilot implanté pour la récolte 2017,[],[],,
ME8,Fourrage,Mélilot implanté pour la récolte 2018,16,Fourrage,Mélilot implanté pour la récolte 2018,[],[],,
MED,Fourrage,Mélilot déshydraté,16,Fourrage,Mélilot déshydraté,[],[],,
MEL,Fourrage,Autre mélilot,16,Fourrage,mélilot,[],[],,
MH5,Fourrage,Mélange de légumineuses fourragères prépondérantes au semis implantées pour la récolte 2015 et d’herbacées ou de graminées fourragères,16,Fourrage,Mélange de légumineuses fourragères prépondérantes au semis implantées pour la récolte 2015 dherbacées de graminées fourragères,"[['CROPS_FR', 'MH5', 'Mélange de légumineuses fourragères prépondérantes au semis implantées pour la récolte 2015 dherbacées de graminées fourragères', 'Légumineuses', 7, 92], ['CROPS_FR', 'MH5', 'Mélange de légumineuses fourragères prépondérantes au semis implantées pour la récolte 2015 dherbacées de graminées fourragères', 'Légumineuses', 7, 92]]","['CROPS_FR', 'MH5', 'Mélange de légumineuses fourragères prépondérantes au semis implantées pour la récolte 2015 dherbacées de graminées fourragères', 'Légumineuses', 7, 92]",7.0,92.0
MH6,Fourrage,Mélange de légumineuses fourragères prépondérantes au semis implantées pour la récolte 2016 et d’herbacées ou de graminées fourragères,16,Fourrage,Mélange de légumineuses fourragères prépondérantes au semis implantées pour la récolte 2016 dherbacées de graminées fourragères,"[['CROPS_FR', 'MH6', 'Mélange de légumineuses fourragères prépondérantes au semis implantées pour la récolte 2016 dherbacées de graminées fourragères', 'Légumineuses', 7, 92], ['CROPS_FR', 'MH6', 'Mélange de légumineuses fourragères prépondérantes au semis implantées pour la récolte 2016 dherbacées de graminées fourragères', 'Légumineuses', 7, 92]]","['CROPS_FR', 'MH6', 'Mélange de légumineuses fourragères prépondérantes au semis implantées pour la récolte 2016 dherbacées de graminées fourragères', 'Légumineuses', 7, 92]",7.0,92.0
MH7,Fourrage,Mélange de légumineuses fourragères prépondérantes au semis implantées pour la récolte 2017 et d’herbacées ou de graminées fourragères,16,Fourrage,Mélange de légumineuses fourragères prépondérantes au semis implantées pour la récolte 2017 dherbacées de graminées fourragères,"[['CROPS_FR', 'MH7', 'Mélange de légumineuses fourragères prépondérantes au semis implantées pour la récolte 2017 dherbacées de graminées fourragères', 'Légumineuses', 7, 92], ['CROPS_FR', 'MH7', 'Mélange de légumineuses fourragères prépondérantes au semis implantées pour la récolte 2017 dherbacées de graminées fourragères', 'Légumineuses', 7, 92]]","['CROPS_FR', 'MH7', 'Mélange de légumineuses fourragères prépondérantes au semis implantées pour la récolte 2017 dherbacées de graminées fourragères', 'Légumineuses', 7, 92]",7.0,92.0
MI7,Fourrage,Minette implanté pour la récolte 2017,16,Fourrage,Minette implanté pour la récolte 2017,[],[],,
MI8,Fourrage,Minette implanté pour la récolte 2018,16,Fourrage,Minette implanté pour la récolte 2018,[],[],,
MIN,Fourrage,Minette,16,Fourrage,Minette,[],[],,
ML5,Fourrage,Mélange de légumineuses fourragères implantées pour la récolte 2015 (entre elles),16,Fourrage,Mélange de légumineuses fourragères implantées pour la récolte 2015,"[['CROPS_FR', 'ML5', 'Mélange de légumineuses fourragères implantées pour la récolte 2015', 'Légumineuses', 7, 92], ['CROPS_FR', 'ML5', 'Mélange de légumineuses fourragères implantées pour la récolte 2015', 'Légumineuses', 7, 92]]","['CROPS_FR', 'ML5', 'Mélange de légumineuses fourragères implantées pour la récolte 2015', 'Légumineuses', 7, 92]",7.0,92.0
ML6,Fourrage,Mélange de légumineuses fourragères implantées pour la récolte 2016 (entre elles),16,Fourrage,Mélange de légumineuses fourragères implantées pour la récolte 2016,"[['CROPS_FR', 'ML6', 'Mélange de légumineuses fourragères implantées pour la récolte 2016', 'Légumineuses', 7, 92], ['CROPS_FR', 'ML6', 'Mélange de légumineuses fourragères implantées pour la récolte 2016', 'Légumineuses', 7, 92]]","['CROPS_FR', 'ML6', 'Mélange de légumineuses fourragères implantées pour la récolte 2016', 'Légumineuses', 7, 92]",7.0,92.0
ML7,Fourrage,Mélange de légumineuses fourragères implantées pour la récolte 2017 (entre elles),16,Fourrage,Mélange de légumineuses fourragères implantées pour la récolte 2017,"[['CROPS_FR', 'ML7', 'Mélange de légumineuses fourragères implantées pour la récolte 2017', 'Légumineuses', 7, 92], ['CROPS_FR', 'ML7', 'Mélange de légumineuses fourragères implantées pour la récolte 2017', 'Légumineuses', 7, 92]]","['CROPS_FR', 'ML7', 'Mélange de légumineuses fourragères implantées pour la récolte 2017', 'Légumineuses', 7, 92]",7.0,92.0
ML8,Fourrage,Mélange de légumineuses fourragères implantées pour la récolte 2018 (entre elles),16,Fourrage,Mélange de légumineuses fourragères implantées pour la récolte 2018,"[['CROPS_FR', 'ML8', 'Mélange de légumineuses fourragères implantées pour la récolte 2018', 'Légumineuses', 7, 92], ['CROPS_FR', 'ML8', 'Mélange de légumineuses fourragères implantées pour la récolte 2018', 'Légumineuses', 7, 92]]","['CROPS_FR', 'ML8', 'Mélange de légumineuses fourragères implantées pour la récolte 2018', 'Légumineuses', 7, 92]",7.0,92.0
MLC,Fourrage,Mélange de légumineuses fourragères prépondérantes et de céréales et/ou d’oléagineux,16,Fourrage,Mélange de légumineuses fourragères prépondérantes de céréalesou doléagineux,"[['CROPS_FR', 'MLC', 'Mélange de légumineuses fourragères prépondérantes de céréalesou doléagineux', 'Légumineuses', 7, 92], ['CROPS_FR', 'MLC', 'Mélange de légumineuses fourragères prépondérantes de céréalesou doléagineux', 'Légumineuses', 7, 92]]","['CROPS_FR', 'MLC', 'Mélange de légumineuses fourragères prépondérantes de céréalesou doléagineux', 'Légumineuses', 7, 92]",7.0,92.0
MLD,Fourrage,Mélange de légumineuses déshydratées (entre elles),16,Fourrage,Mélange de légumineuses déshydratées,"[['CROPS_FR', 'MLD', 'Mélange de légumineuses déshydratées', 'Légumineuses', 7, 92], ['CROPS_FR', 'MLD', 'Mélange de légumineuses déshydratées', 'Légumineuses', 7, 92]]","['CROPS_FR', 'MLD', 'Mélange de légumineuses déshydratées', 'Légumineuses', 7, 92]",7.0,92.0
MLF,Fourrage,Mélange de légumineuses fourragères (entre elles),16,Fourrage,Mélange de légumineuses fourragères,"[['CROPS_FR', 'MLF', 'Mélange de légumineuses fourragères', 'Légumineuses', 7, 92], ['CROPS_FR', 'MLF', 'Mélange de légumineuses fourragères', 'Légumineuses', 7, 92]]","['CROPS_FR', 'MLF', 'Mélange de légumineuses fourragères', 'Légumineuses', 7, 92]",7.0,92.0
MLG,Fourrage,Mélange de légumineuses prépondérantes au semis et de graminées fourragères de 5 ans ou moins,16,Fourrage,Mélange de légumineuses prépondérantes au semis de graminées fourragères de 5 ans moins,"[['CROPS_FR', 'MLG', 'Mélange de légumineuses prépondérantes au semis de graminées fourragères de 5 ans moins', 'Légumineuses', 7, 92], ['CROPS_FR', 'MLG', 'Mélange de légumineuses prépondérantes au semis de graminées fourragères de 5 ans moins', 'Légumineuses', 7, 92]]","['CROPS_FR', 'MLG', 'Mélange de légumineuses prépondérantes au semis de graminées fourragères de 5 ans moins', 'Légumineuses', 7, 92]",7.0,92.0
MOH,Fourrage,Moha,16,Fourrage,Moha,[],[],,
NVF,Fourrage,Navet fourrager,16,Fourrage,Navet fourrager,"[['CROPS_FR', 'NVF', 'Navet fourrager', 'Navets', 2, 91]]","['CROPS_FR', 'NVF', 'Navet fourrager', 'Navets', 2, 91]",2.0,91.0
PAT,Fourrage,Pâturin commun de 5 ans ou moins,16,Fourrage,Pâturin commun de 5 ans moins,[],[],,
PFH,Fourrage,Autre pois fourrager d’hiver,16,Fourrage,pois fourrager dhiver,[],[],,
PFP,Fourrage,Autre pois fourrager de printemps,16,Fourrage,pois fourrager de printemps,[],[],,
PH5,Fourrage,Pois fourrager d’hiver implanté pour la récolte 2015,16,Fourrage,Pois fourrager dhiver implanté pour la récolte 2015,"[['CROPS_FR', 'PH5', 'Pois fourrager dhiver implanté pour la récolte 2015', 'Pois', 7, 100]]","['CROPS_FR', 'PH5', 'Pois fourrager dhiver implanté pour la récolte 2015', 'Pois', 7, 100]",7.0,100.0
PH6,Fourrage,Pois fourrager d’hiver implanté pour la récolte 2016,16,Fourrage,Pois fourrager dhiver implanté pour la récolte 2016,"[['CROPS_FR', 'PH6', 'Pois fourrager dhiver implanté pour la récolte 2016', 'Pois', 7, 100]]","['CROPS_FR', 'PH6', 'Pois fourrager dhiver implanté pour la récolte 2016', 'Pois', 7, 100]",7.0,100.0
PH7,Fourrage,Pois fourrager d’hiver implanté pour la récolte 2017,16,Fourrage,Pois fourrager dhiver implanté pour la récolte 2017,"[['CROPS_FR', 'PH7', 'Pois fourrager dhiver implanté pour la récolte 2017', 'Pois', 7, 100]]","['CROPS_FR', 'PH7', 'Pois fourrager dhiver implanté pour la récolte 2017', 'Pois', 7, 100]",7.0,100.0
PH8,Fourrage,Pois fourrager d’hiver implanté pour la récolte 2018,16,Fourrage,Pois fourrager dhiver implanté pour la récolte 2018,"[['CROPS_FR', 'PH8', 'Pois fourrager dhiver implanté pour la récolte 2018', 'Pois', 7, 100]]","['CROPS_FR', 'PH8', 'Pois fourrager dhiver implanté pour la récolte 2018', 'Pois', 7, 100]",7.0,100.0
PP5,Fourrage,Pois fourrager de printemps implanté pour la récolte 2015,16,Fourrage,Pois fourrager de printemps implanté pour la récolte 2015,"[['CROPS_FR', 'PP5', 'Pois fourrager de printemps implanté pour la récolte 2015', 'Pois', 7, 100]]","['CROPS_FR', 'PP5', 'Pois fourrager de printemps implanté pour la récolte 2015', 'Pois', 7, 100]",7.0,100.0
PP6,Fourrage,Pois fourrager de printemps implanté pour la récolte 2016,16,Fourrage,Pois fourrager de printemps implanté pour la récolte 2016,"[['CROPS_FR', 'PP6', 'Pois fourrager de printemps implanté pour la récolte 2016', 'Pois', 7, 100]]","['CROPS_FR', 'PP6', 'Pois fourrager de printemps implanté pour la récolte 2016', 'Pois', 7, 100]",7.0,100.0
PP7,Fourrage,Pois fourrager de printemps implanté pour la récolte 2017,16,Fourrage,Pois fourrager de printemps implanté pour la récolte 2017,"[['CROPS_FR', 'PP7', 'Pois fourrager de printemps implanté pour la récolte 2017', 'Pois', 7, 100]]","['CROPS_FR', 'PP7', 'Pois fourrager de printemps implanté pour la récolte 2017', 'Pois', 7, 100]",7.0,100.0
PP8,Fourrage,Pois fourrager de printemps implanté pour la récolte 2018,16,Fourrage,Pois fourrager de printemps implanté pour la récolte 2018,"[['CROPS_FR', 'PP8', 'Pois fourrager de printemps implanté pour la récolte 2018', 'Pois', 7, 100]]","['CROPS_FR', 'PP8', 'Pois fourrager de printemps implanté pour la récolte 2018', 'Pois', 7, 100]",7.0,100.0
RDF,Fourrage,Radis fourrager,16,Fourrage,Radis fourrager,[],[],,
SA5,Fourrage,Sainfoin implanté pour la récolte 2015,16,Fourrage,Sainfoin implanté pour la récolte 2015,[],[],,
SA6,Fourrage,Sainfoin implanté pour la récolte 2016,16,Fourrage,Sainfoin implanté pour la récolte 2016,[],[],,
SA7,Fourrage,Sainfoin implanté pour la récolte 2017,16,Fourrage,Sainfoin implanté pour la récolte 2017,[],[],,
SA8,Fourrage,Sainfoin implanté pour la récolte 2018,16,Fourrage,Sainfoin implanté pour la récolte 2018,[],[],,
SAD,Fourrage,Sainfoin déshydraté,16,Fourrage,Sainfoin déshydraté,[],[],,
SAI,Fourrage,Autre sainfoin,16,Fourrage,sainfoin,[],[],,
SE5,Fourrage,Serradelle implantée pour la récolte 2015,16,Fourrage,Serradelle implantée pour la récolte 2015,[],[],,
SE6,Fourrage,Serradelle implantée pour la récolte 2016,16,Fourrage,Serradelle implantée pour la récolte 2016,[],[],,
SE7,Fourrage,Serradelle implantée pour la récolte 2017,16,Fourrage,Serradelle implantée pour la récolte 2017,[],[],,
SE8,Fourrage,Serradelle implantée pour la récolte 2018,16,Fourrage,Serradelle implantée pour la récolte 2018,[],[],,
SED,Fourrage,Serradelle déshydratée,16,Fourrage,Serradelle déshydratée,[],[],,
SER,Fourrage,Autre serradelle,16,Fourrage,serradelle,[],[],,
TR5,Fourrage,Trèfle implanté pour la récolte 2015,16,Fourrage,Trèfle implanté pour la récolte 2015,[],[],,
TR6,Fourrage,Trèfle implanté pour la récolte 2016,16,Fourrage,Trèfle implanté pour la récolte 2016,[],[],,
TR7,Fourrage,Trèfle implanté pour la récolte 2017,16,Fourrage,Trèfle implanté pour la récolte 2017,[],[],,
TR8,Fourrage,Trèfle implanté pour la récolte 2018,16,Fourrage,Trèfle implanté pour la récolte 2018,[],[],,
TRD,Fourrage,Trèfle déshydraté,16,Fourrage,Trèfle déshydraté,[],[],,
TRE,Fourrage,Autre trèfle,16,Fourrage,trèfle,[],[],,
VE5,Fourrage,Vesce implantée pour la récolte 2015,16,Fourrage,Vesce implantée pour la récolte 2015,[],[],,
VE6,Fourrage,Vesce implantée pour la récolte 2016,16,Fourrage,Vesce implantée pour la récolte 2016,[],[],,
VE7,Fourrage,Vesce implantée pour la récolte 2017,16,Fourrage,Vesce implantée pour la récolte 2017,[],[],,
VE8,Fourrage,Vesce implantée pour la récolte 2018,16,Fourrage,Vesce implantée pour la récolte 2018,[],[],,
VED,Fourrage,Vesce déshydratée,16,Fourrage,Vesce déshydratée,[],[],,
VES,Fourrage,Autre vesce,16,Fourrage,vesce,[],[],,
XFE,Fourrage,X-Felium de 5 ans ou moins,16,Fourrage,XFelium de 5 ans moins,[],[],,
BOP,Estives et landes,Bois pâturé,17,Estives landes,Bois pâturé,[],[],,
SPH,Estives et landes,Surface pastorale - herbe prédominante et ressources fourragères ligneuses présentes,17,Estives landes,Surface pastorale herbe prédominante ressources fourragères ligneuses présentes,[],[],,
SPL,Estives et landes,Surface pastorale - ressources fourragères ligneuses prédominantes,17,Estives landes,Surface pastorale ressources fourragères ligneuses prédominantes,[],[],,
PPH,Prairies permanentes,Prairie permanente - herbe prédominante (ressources fourragères ligneuses absentes ou peu présentes),18,Prairies permanentes,Prairie permanente herbe prédominante,[],[],,
PRL,Prairies permanentes,Prairie en rotation longue (6 ans ou plus),18,Prairies permanentes,Prairie en rotation longue,[],[],,
PTR,Prairies temporaires,Autre prairie temporaire de 5 ans ou moins,19,Prairies temporaires,prairie temporaire de 5 ans moins,"[['GROUP_FR', 19, 'Prairies temporaires', 'Autres cultures oléagineuses temporaires', 4, 81.5], ['GROUP_FR', 19, 'Prairies temporaires', 'Autres cultures oléagineuses temporaires', 4, 81.5], ['GROUP_FR', 19, 'Prairies temporaires', ""Cultures temporaires d'épices et d'aromates"", 6, 81.5], ['GROUP_FR', 19, 'Prairies temporaires', ""Autres cultures temporaires d'épices"", 6, 81.5], ['GROUP_FR', 19, 'Prairies temporaires', 'Herbes et cultures fourragères temporaires', 9, 81.5], ['GROUP_FR', 19, 'Prairies temporaires', 'Cultures temporaires de fibres', 9, 81.5], ['GROUP_FR', 19, 'Prairies temporaires', 'Autres cultures temporaires de fibres', 9, 81.5], ['GROUP_FR', 19, 'Prairies temporaires', 'Cultures temporaires médicinales, pesticides ou similaires', 9, 81.5], ['GROUP_FR', 19, 'Prairies temporaires', 'Autres cultures temporaires médicinales, pesticides ou similaires', 9, 81.5], ['GROUP_FR', 19, 'Prairies temporaires', 'Cultures de fleurs temporaires', 9, 81.5], ['GROUP_FR', 19, 'Prairies temporaires', 'Autres cultures temporaires', 9, 81.5]]","['GROUP_FR', 19, 'Prairies temporaires', 'Autres cultures oléagineuses temporaires', 4, 81.5]",4.0,81.5
RGA,Prairies temporaires,Ray-grass de 5 ans ou moins,19,Prairies temporaires,Raygrass de 5 ans moins,"[['GROUP_FR', 19, 'Prairies temporaires', 'Autres cultures oléagineuses temporaires', 4, 81.5], ['GROUP_FR', 19, 'Prairies temporaires', 'Autres cultures oléagineuses temporaires', 4, 81.5], ['GROUP_FR', 19, 'Prairies temporaires', ""Cultures temporaires d'épices et d'aromates"", 6, 81.5], ['GROUP_FR', 19, 'Prairies temporaires', ""Autres cultures temporaires d'épices"", 6, 81.5], ['GROUP_FR', 19, 'Prairies temporaires', 'Herbes et cultures fourragères temporaires', 9, 81.5], ['GROUP_FR', 19, 'Prairies temporaires', 'Cultures temporaires de fibres', 9, 81.5], ['GROUP_FR', 19, 'Prairies temporaires', 'Autres cultures temporaires de fibres', 9, 81.5], ['GROUP_FR', 19, 'Prairies temporaires', 'Cultures temporaires médicinales, pesticides ou similaires', 9, 81.5], ['GROUP_FR', 19, 'Prairies temporaires', 'Autres cultures temporaires médicinales, pesticides ou similaires', 9, 81.5], ['GROUP_FR', 19, 'Prairies temporaires', 'Cultures de fleurs temporaires', 9, 81.5], ['GROUP_FR', 19, 'Prairies temporaires', 'Autres cultures temporaires', 9, 81.5]]","['GROUP_FR', 19, 'Prairies temporaires', 'Autres cultures oléagineuses temporaires', 4, 81.5]",4.0,81.5
AGR,Vergers,Agrume,20,Vergers,Agrume,[],[],,
ANA,Vergers,Ananas,20,Vergers,Ananas,"[['CROPS_FR', 'ANA', 'Ananas', 'Ananas', 3, 100]]","['CROPS_FR', 'ANA', 'Ananas', 'Ananas', 3, 100]",3.0,100.0
AVO,Vergers,Avocat,20,Vergers,Avocat,"[['CROPS_FR', 'AVO', 'Avocat', 'Avocats', 3, 92]]","['CROPS_FR', 'AVO', 'Avocat', 'Avocats', 3, 92]",3.0,92.0
BCA,Vergers,Banane créole (fruit et légume) - autre,20,Vergers,Banane créole,"[['CROPS_FR', 'BCA', 'Banane créole', 'Bananes', 3, 92]]","['CROPS_FR', 'BCA', 'Banane créole', 'Bananes', 3, 92]",3.0,92.0
BCF,Vergers,Banane créole (fruit et légume) - fermage,20,Vergers,Banane créole fermage,"[['CROPS_FR', 'BCF', 'Banane créole fermage', 'Bananes', 3, 92]]","['CROPS_FR', 'BCF', 'Banane créole fermage', 'Bananes', 3, 92]",3.0,92.0
BCI,Vergers,Banane créole (fruit et légume) - indivision,20,Vergers,Banane créole indivision,"[['CROPS_FR', 'BCI', 'Banane créole indivision', 'Bananes', 3, 92]]","['CROPS_FR', 'BCI', 'Banane créole indivision', 'Bananes', 3, 92]",3.0,92.0
BCP,Vergers,Banane créole (fruit et légume) - propriété ou faire valoir direct,20,Vergers,Banane créole propriété faire valoir direct,"[['CROPS_FR', 'BCP', 'Banane créole propriété faire valoir direct', 'Bananes', 3, 92]]","['CROPS_FR', 'BCP', 'Banane créole propriété faire valoir direct', 'Bananes', 3, 92]",3.0,92.0
BCR,Vergers,Banane créole (fruit et légume) - réforme foncière,20,Vergers,Banane créole réforme foncière,"[['CROPS_FR', 'BCR', 'Banane créole réforme foncière', 'Bananes', 3, 92]]","['CROPS_FR', 'BCR', 'Banane créole réforme foncière', 'Bananes', 3, 92]",3.0,92.0
BEA,Vergers,Banane export - autre,20,Vergers,Banane export,"[['CROPS_FR', 'BEA', 'Banane export', 'Bananes', 3, 92]]","['CROPS_FR', 'BEA', 'Banane export', 'Bananes', 3, 92]",3.0,92.0
BEF,Vergers,Banane export - fermage,20,Vergers,Banane export fermage,"[['CROPS_FR', 'BEF', 'Banane export fermage', 'Bananes', 3, 92]]","['CROPS_FR', 'BEF', 'Banane export fermage', 'Bananes', 3, 92]",3.0,92.0
BEI,Vergers,Banane export - indivision,20,Vergers,Banane export indivision,"[['CROPS_FR', 'BEI', 'Banane export indivision', 'Bananes', 3, 92]]","['CROPS_FR', 'BEI', 'Banane export indivision', 'Bananes', 3, 92]",3.0,92.0
BEP,Vergers,Banane export - propriété ou faire valoir direct,20,Vergers,Banane export propriété faire valoir direct,"[['CROPS_FR', 'BEP', 'Banane export propriété faire valoir direct', 'Bananes', 3, 92]]","['CROPS_FR', 'BEP', 'Banane export propriété faire valoir direct', 'Bananes', 3, 92]",3.0,92.0
BER,Vergers,Banane export - réforme foncière,20,Vergers,Banane export réforme foncière,"[['CROPS_FR', 'BER', 'Banane export réforme foncière', 'Bananes', 3, 92]]","['CROPS_FR', 'BER', 'Banane export réforme foncière', 'Bananes', 3, 92]",3.0,92.0
CAC,Vergers,Café / Cacao,20,Vergers,Café Cacao,"[['CROPS_FR', 'CAC', 'Café Cacao', 'Café', 6, 100], ['CROPS_FR', 'CAC', 'Café Cacao', 'Cacao', 6, 100]]","['CROPS_FR', 'CAC', 'Café Cacao', 'Café', 6, 100]",6.0,100.0
CBT,Vergers,Cerise bigarreau pour transformation,20,Vergers,Cerise bigarreau pour transformation,[],[],,
PFR,Vergers,Petit fruit rouge,20,Vergers,Petit fruit rouge,[],[],,
PRU,Vergers,Prune d’Ente pour transformation,20,Vergers,Prune dEnte pour transformation,[],[],,
PVT,Vergers,Pêche Pavie pour transformation,20,Vergers,Pêche Pavie pour transformation,[],[],,
PWT,Vergers,Poire Williams pour transformation,20,Vergers,Poire Williams pour transformation,"[['CROPS_FR', 'PWT', 'Poire Williams pour transformation', 'Poivre', 6, 91]]","['CROPS_FR', 'PWT', 'Poire Williams pour transformation', 'Poivre', 6, 91]",6.0,91.0
VGD,Vergers,Verger (DOM),20,Vergers,Verger,[],[],,
VRG,Vergers,Verger,20,Vergers,Verger,[],[],,
RVI,Vignes,Restructuration du vignoble,21,Vignes,Restructuration du vignoble,[],[],,
VRC,Vignes,Vigne : raisins de cuve,21,Vignes,Vigne raisins de cuve,[],[],,
VRN,Vignes,Vigne : raisins de cuve non en production,21,Vignes,Vigne raisins de cuve non en production,[],[],,
VRT,Vignes,Vigne : raisins de table,21,Vignes,Vigne raisins de table,[],[],,
CAB,Fruits à coque,Caroube,22,Fruits à coque,Caroube,"[['GROUP_FR', 22, 'Fruits à coque', 'Fruits à pépins et fruits à noyau', 3, 80.0]]","['GROUP_FR', 22, 'Fruits à coque', 'Fruits à pépins et fruits à noyau', 3, 80.0]",3.0,80.0
CTG,Fruits à coque,Châtaigne,22,Fruits à coque,Châtaigne,"[['GROUP_FR', 22, 'Fruits à coque', 'Fruits à pépins et fruits à noyau', 3, 80.0], ['CROPS_FR', 'CTG', 'Châtaigne', 'Châtaignes', 3, 95]]","['CROPS_FR', 'CTG', 'Châtaigne', 'Châtaignes', 3, 95]",3.0,95.0
NOS,Fruits à coque,Noisette,22,Fruits à coque,Noisette,"[['GROUP_FR', 22, 'Fruits à coque', 'Fruits à pépins et fruits à noyau', 3, 80.0]]","['GROUP_FR', 22, 'Fruits à coque', 'Fruits à pépins et fruits à noyau', 3, 80.0]",3.0,80.0
NOX,Fruits à coque,Noix,22,Fruits à coque,Noix,"[['GROUP_FR', 22, 'Fruits à coque', 'Fruits à pépins et fruits à noyau', 3, 80.0], ['CROPS_FR', 'NOX', 'Noix', 'Noix', 3, 100], ['CROPS_FR', 'NOX', 'Noix', 'Noix de cajou', 3, 100.0], ['CROPS_FR', 'NOX', 'Noix', 'Noix de Grenoble', 3, 100.0], ['CROPS_FR', 'NOX', 'Noix', 'Noix du Brésil', 3, 100.0], ['CROPS_FR', 'NOX', 'Noix', ""Noix d'Areca"", 3, 100.0], ['CROPS_FR', 'NOX', 'Noix', 'Noix de cola', 3, 100.0], ['CROPS_FR', 'NOX', 'Noix', 'Noix de coco', 4, 100.0], ['CROPS_FR', 'NOX', 'Noix', 'Noix de muscade macis cardamomes', 6, 100.0]]","['CROPS_FR', 'NOX', 'Noix', 'Noix', 3, 100]",3.0,100.0
PIS,Fruits à coque,Pistache,22,Fruits à coque,Pistache,"[['GROUP_FR', 22, 'Fruits à coque', 'Fruits à pépins et fruits à noyau', 3, 80.0], ['CROPS_FR', 'PIS', 'Pistache', 'Pistaches', 3, 94]]","['CROPS_FR', 'PIS', 'Pistache', 'Pistaches', 3, 94]",3.0,94.0
OLI,Oliviers,Oliveraie,23,Oliviers,Oliveraie,"[['GROUP_FR', 23, 'Oliviers', 'Olives', 4, 86]]","['GROUP_FR', 23, 'Oliviers', 'Olives', 4, 86]",4.0,86.0
ANE,Autres cultures industrielles,Aneth,24,cultures industrielles,Aneth,[],[],,
ANG,Autres cultures industrielles,Angélique,24,cultures industrielles,Angélique,[],[],,
ANI,Autres cultures industrielles,Anis,24,cultures industrielles,Anis,"[['CROPS_FR', 'ANI', 'Anis', 'Anis badiane et fenouil', 6, 100.0]]","['CROPS_FR', 'ANI', 'Anis', 'Anis badiane et fenouil', 6, 100.0]",6.0,100.0
BAR,Autres cultures industrielles,Bardane,24,cultures industrielles,Bardane,[],[],,
BAS,Autres cultures industrielles,Basilic,24,cultures industrielles,Basilic,"[['CROPS_FR', 'BAS', 'Basilic', 'Basilic', 9, 100]]","['CROPS_FR', 'BAS', 'Basilic', 'Basilic', 9, 100]",9.0,100.0
BRH,Autres cultures industrielles,Bourrache de 5 ans ou moins,24,cultures industrielles,Bourrache de 5 ans moins,[],[],,
BTN,Autres cultures industrielles,Betterave non fourragère / Bette,24,cultures industrielles,Betterave non fourragère Bette,[],[],,
CAV,Autres cultures industrielles,Carvi,24,cultures industrielles,Carvi,[],[],,
CHR,Autres cultures industrielles,Chardon Marie,24,cultures industrielles,Chardon Marie,[],[],,
CIB,Autres cultures industrielles,Ciboulette,24,cultures industrielles,Ciboulette,[],[],,
CML,Autres cultures industrielles,Cameline,24,cultures industrielles,Cameline,[],[],,
CMM,Autres cultures industrielles,Camomille,24,cultures industrielles,Camomille,[],[],,
CRD,Autres cultures industrielles,Coriandre,24,cultures industrielles,Coriandre,[],[],,
CRF,Autres cultures industrielles,Cerfeuil,24,cultures industrielles,Cerfeuil,[],[],,
CUM,Autres cultures industrielles,Cumin,24,cultures industrielles,Cumin,[],[],,
CUR,Autres cultures industrielles,Curcuma,24,cultures industrielles,Curcuma,[],[],,
EST,Autres cultures industrielles,Estragon,24,cultures industrielles,Estragon,[],[],,
FNO,Autres cultures industrielles,Fenouil,24,cultures industrielles,Fenouil,"[['CROPS_FR', 'FNO', 'Fenouil', 'Anis badiane et fenouil', 6, 86.0]]","['CROPS_FR', 'FNO', 'Fenouil', 'Anis badiane et fenouil', 6, 86.0]",6.0,86.0
FNU,Autres cultures industrielles,Fenugrec,24,cultures industrielles,Fenugrec,[],[],,
HBL,Autres cultures industrielles,Houblon,24,cultures industrielles,Houblon,"[['CROPS_FR', 'HBL', 'Houblon', 'Houblon', 6, 100]]","['CROPS_FR', 'HBL', 'Houblon', 'Houblon', 6, 100]",6.0,100.0
LAV,Autres cultures industrielles,Lavande / Lavandin,24,cultures industrielles,Lavande Lavandin,[],[],,
MAV,Autres cultures industrielles,Mauve,24,cultures industrielles,Mauve,[],[],,
MLI,Autres cultures industrielles,Mélisse,24,cultures industrielles,Mélisse,[],[],,
MLP,Autres cultures industrielles,Millepertuis,24,cultures industrielles,Millepertuis,[],[],,
MOT,Autres cultures industrielles,Moutarde,24,cultures industrielles,Moutarde,"[['CROPS_FR', 'MOT', 'Moutarde', 'Moutarde', 4, 100]]","['CROPS_FR', 'MOT', 'Moutarde', 'Moutarde', 4, 100]",4.0,100.0
MRJ,Autres cultures industrielles,Marjolaine / Origan,24,cultures industrielles,Marjolaine Origan,[],[],,
MTH,Autres cultures industrielles,Menthe,24,cultures industrielles,Menthe,"[['CROPS_FR', 'MTH', 'Menthe', 'Menthe', 9, 100]]","['CROPS_FR', 'MTH', 'Menthe', 'Menthe', 9, 100]",9.0,100.0
ORT,Autres cultures industrielles,Ortie,24,cultures industrielles,Ortie,[],[],,
OSE,Autres cultures industrielles,Oseille,24,cultures industrielles,Oseille,[],[],,
PAR,Autres cultures industrielles,Plante aromatique (autre que vanille),24,cultures industrielles,Plante aromatique,[],[],,
PMD,Autres cultures industrielles,Plante médicinale,24,cultures industrielles,Plante médicinale,[],[],,
PPA,Autres cultures industrielles,Autre plante à parfum aromatique et médicinale annuelle,24,cultures industrielles,plante à parfum aromatique médicinale annuelle,"[['CROPS_FR', 'PPA', 'plante à parfum aromatique médicinale annuelle', 'Cannelle', 6, 88]]","['CROPS_FR', 'PPA', 'plante à parfum aromatique médicinale annuelle', 'Cannelle', 6, 88]",6.0,88.0
PPF,Autres cultures industrielles,Plante à parfum (autre que géranium et vétiver),24,cultures industrielles,Plante à parfum,[],[],,
PPP,Autres cultures industrielles,Autre plante à parfum aromatique et médicinale pérenne,24,cultures industrielles,plante à parfum aromatique médicinale pérenne,[],[],,
PSL,Autres cultures industrielles,Persil,24,cultures industrielles,Persil,[],[],,
PSN,Autres cultures industrielles,Psyllium noir de Provence,24,cultures industrielles,Psyllium noir de Provence,[],[],,
PSY,Autres cultures industrielles,Plantain psyllium,24,cultures industrielles,Plantain psyllium,"[['CROPS_FR', 'PSY', 'Plantain psyllium', 'Plantains', 3, 94]]","['CROPS_FR', 'PSY', 'Plantain psyllium', 'Plantains', 3, 94]",3.0,94.0
ROM,Autres cultures industrielles,Romarin,24,cultures industrielles,Romarin,[],[],,
SGE,Autres cultures industrielles,Sauge,24,cultures industrielles,Sauge,[],[],,
SRI,Autres cultures industrielles,Sarriette,24,cultures industrielles,Sarriette,[],[],,
TAB,Autres cultures industrielles,Tabac,24,cultures industrielles,Tabac,"[['CROPS_FR', 'TAB', 'Tabac', 'Tabac', 9, 100]]","['CROPS_FR', 'TAB', 'Tabac', 'Tabac', 9, 100]",9.0,100.0
THY,Autres cultures industrielles,Thym,24,cultures industrielles,Thym,[],[],,
TOT,Autres cultures industrielles,Tomate pour transformation,24,cultures industrielles,Tomate pour transformation,"[['CROPS_FR', 'TOT', 'Tomate pour transformation', 'Tomates', 2, 92]]","['CROPS_FR', 'TOT', 'Tomate pour transformation', 'Tomates', 2, 92]",2.0,92.0
VAL,Autres cultures industrielles,Valériane,24,cultures industrielles,Valériane,[],[],,
VNB,Autres cultures industrielles,Vanille sous bois,24,cultures industrielles,Vanille sous bois,"[['CROPS_FR', 'VNB', 'Vanille sous bois', 'Vanille', 6, 100]]","['CROPS_FR', 'VNB', 'Vanille sous bois', 'Vanille', 6, 100]",6.0,100.0
VNL,Autres cultures industrielles,Vanille,24,cultures industrielles,Vanille,"[['CROPS_FR', 'VNL', 'Vanille', 'Vanille', 6, 100]]","['CROPS_FR', 'VNL', 'Vanille', 'Vanille', 6, 100]",6.0,100.0
VNV,Autres cultures industrielles,Vanille verte,24,cultures industrielles,Vanille verte,"[['CROPS_FR', 'VNV', 'Vanille verte', 'Vanille', 6, 100]]","['CROPS_FR', 'VNV', 'Vanille verte', 'Vanille', 6, 100]",6.0,100.0
YLA,Autres cultures industrielles,Ylang-ylang,24,cultures industrielles,Ylangylang,[],[],,
AIL,Légumes ou fleurs,Aïl,25,Légumes fleurs,Aïl,[],[],,
ART,Légumes ou fleurs,Artichaut,25,Légumes fleurs,Artichaut,"[['CROPS_FR', 'ART', 'Artichaut', 'Artichauts', 2, 95]]","['CROPS_FR', 'ART', 'Artichaut', 'Artichauts', 2, 95]",2.0,95.0
AUB,Légumes ou fleurs,Aubergine,25,Légumes fleurs,Aubergine,"[['CROPS_FR', 'AUB', 'Aubergine', 'Aubergines', 2, 95]]","['CROPS_FR', 'AUB', 'Aubergine', 'Aubergines', 2, 95]",2.0,95.0
BLT,Légumes ou fleurs,Bleuet,25,Légumes fleurs,Bleuet,[],[],,
BUR,Légumes ou fleurs,Bugle rampante,25,Légumes fleurs,Bugle rampante,[],[],,
CAR,Légumes ou fleurs,Carotte,25,Légumes fleurs,Carotte,"[['CROPS_FR', 'CAR', 'Carotte', 'Carottes', 2, 93]]","['CROPS_FR', 'CAR', 'Carotte', 'Carottes', 2, 93]",2.0,93.0
CCN,Légumes ou fleurs,Concombre / Cornichon,25,Légumes fleurs,Concombre Cornichon,"[['CROPS_FR', 'CCN', 'Concombre Cornichon', 'Concombres', 2, 95]]","['CROPS_FR', 'CCN', 'Concombre Cornichon', 'Concombres', 2, 95]",2.0,95.0
CCT,Légumes ou fleurs,Courgette / Citrouille,25,Légumes fleurs,Courgette Citrouille,[],[],,
CEL,Légumes ou fleurs,Céleri,25,Légumes fleurs,Céleri,[],[],,
CES,Légumes ou fleurs,Chicorée / Endive / Scarole,25,Légumes fleurs,Chicorée Endive Scarole,"[['CROPS_FR', 'CES', 'Chicorée Endive Scarole', 'Chicorée', 2, 100]]","['CROPS_FR', 'CES', 'Chicorée Endive Scarole', 'Chicorée', 2, 100]",2.0,100.0
CHU,Légumes ou fleurs,Chou,25,Légumes fleurs,Chou,"[['CROPS_FR', 'CHU', 'Chou', 'Choux', 2, 89]]","['CROPS_FR', 'CHU', 'Chou', 'Choux', 2, 89]",2.0,89.0
CMB,Légumes ou fleurs,Courge musquée / Butternut,25,Légumes fleurs,Courge musquée Butternut,[],[],,
CRA,Légumes ou fleurs,Cresson alénois de 5 ans ou moins,25,Légumes fleurs,Cresson alénois de 5 ans moins,[],[],,
CRN,Légumes ou fleurs,Cornille,25,Légumes fleurs,Cornille,[],[],,
CRS,Légumes ou fleurs,Cresson,25,Légumes fleurs,Cresson,[],[],,
CSS,Légumes ou fleurs,Culture sous serre hors sol,25,Légumes fleurs,Culture sous serre hors sol,[],[],,
DOL,Légumes ou fleurs,Dolique,25,Légumes fleurs,Dolique,[],[],,
EPI,Légumes ou fleurs,Épinard,25,Légumes fleurs,Épinard,"[['CROPS_FR', 'EPI', 'Épinard', 'Epinards', 2, 80]]","['CROPS_FR', 'EPI', 'Épinard', 'Epinards', 2, 80]",2.0,80.0
FLA,Légumes ou fleurs,Autre légume ou fruit annuel,25,Légumes fleurs,légume fruit annuel,[],[],,
FLP,Légumes ou fleurs,Autre légume ou fruit pérenne,25,Légumes fleurs,légume fruit pérenne,[],[],,
FRA,Légumes ou fleurs,Fraise,25,Légumes fleurs,Fraise,"[['CROPS_FR', 'FRA', 'Fraise', 'Fraises', 3, 92]]","['CROPS_FR', 'FRA', 'Fraise', 'Fraises', 3, 92]",3.0,92.0
GER,Légumes ou fleurs,Géranium,25,Légumes fleurs,Géranium,[],[],,
HAR,Légumes ou fleurs,Haricot / Flageolet,25,Légumes fleurs,Haricot Flageolet,"[['CROPS_FR', 'HAR', 'Haricot Flageolet', 'Haricots', 7, 93]]","['CROPS_FR', 'HAR', 'Haricot Flageolet', 'Haricots', 7, 93]",7.0,93.0
HPC,Légumes ou fleurs,Horticulture ornementale de plein champ,25,Légumes fleurs,Horticulture ornementale de plein champ,[],[],,
HSA,Légumes ou fleurs,Horticulture ornementale sous abri,25,Légumes fleurs,Horticulture ornementale sous abri,[],[],,
LBF,Légumes ou fleurs,Laitue / Batavia / Feuille de chêne,25,Légumes fleurs,Laitue Batavia Feuille de chêne,"[['CROPS_FR', 'LBF', 'Laitue Batavia Feuille de chêne', 'Laitue', 2, 100]]","['CROPS_FR', 'LBF', 'Laitue Batavia Feuille de chêne', 'Laitue', 2, 100]",2.0,100.0
LSA,Légumes ou fleurs,Légume sous abri,25,Légumes fleurs,Légume sous abri,[],[],,
MAC,Légumes ou fleurs,Mâche,25,Légumes fleurs,Mâche,[],[],,
MLO,Légumes ou fleurs,Melon,25,Légumes fleurs,Melon,"[['CROPS_FR', 'MLO', 'Melon', 'Melons', 2, 91]]","['CROPS_FR', 'MLO', 'Melon', 'Melons', 2, 91]",2.0,91.0
MRG,Légumes ou fleurs,Marguerite,25,Légumes fleurs,Marguerite,[],[],,
NVT,Légumes ou fleurs,Navet,25,Légumes fleurs,Navet,"[['CROPS_FR', 'NVT', 'Navet', 'Navets', 2, 91]]","['CROPS_FR', 'NVT', 'Navet', 'Navets', 2, 91]",2.0,91.0
OIG,Légumes ou fleurs,Oignon / Échalote,25,Légumes fleurs,Oignon Échalote,"[['CROPS_FR', 'OIG', 'Oignon Échalote', 'Oignons', 2, 92]]","['CROPS_FR', 'OIG', 'Oignon Échalote', 'Oignons', 2, 92]",2.0,92.0
PAN,Légumes ou fleurs,Panais,25,Légumes fleurs,Panais,"[['CROPS_FR', 'PAN', 'Panais', 'Plantains', 3, 80]]","['CROPS_FR', 'PAN', 'Panais', 'Plantains', 3, 80]",3.0,80.0
PAQ,Légumes ou fleurs,Pâquerette,25,Légumes fleurs,Pâquerette,[],[],,
PAS,Légumes ou fleurs,Pastèque,25,Légumes fleurs,Pastèque,"[['CROPS_FR', 'PAS', 'Pastèque', 'Pastèques', 2, 94]]","['CROPS_FR', 'PAS', 'Pastèque', 'Pastèques', 2, 94]",2.0,94.0
PMV,Légumes ou fleurs,Primevère,25,Légumes fleurs,Primevère,[],[],,
POR,Légumes ou fleurs,Poireau,25,Légumes fleurs,Poireau,"[['CROPS_FR', 'POR', 'Poireau', 'Poireaux et autres légumes alliacés', 2, 93.0]]","['CROPS_FR', 'POR', 'Poireau', 'Poireaux et autres légumes alliacés', 2, 93.0]",2.0,93.0
POT,Légumes ou fleurs,Potiron / Potimarron,25,Légumes fleurs,Potiron Potimarron,[],[],,
PPO,Légumes ou fleurs,Petits pois,25,Légumes fleurs,Petits pois,[],[],,
PSE,Légumes ou fleurs,Pensée,25,Légumes fleurs,Pensée,[],[],,
PTC,Légumes ou fleurs,Pomme de terre de consommation,25,Légumes fleurs,Pomme de terre de consommation,"[['CROPS_FR', 'PTC', 'Pomme de terre de consommation', 'Pommes', 3, 91]]","['CROPS_FR', 'PTC', 'Pomme de terre de consommation', 'Pommes', 3, 91]",3.0,91.0
PTF,Légumes ou fleurs,Pomme de terre féculière,25,Légumes fleurs,Pomme de terre féculière,"[['CROPS_FR', 'PTF', 'Pomme de terre féculière', 'Pommes', 3, 91], ['CROPS_FR', 'PTF', 'Pomme de terre féculière', 'Pommes de terre', 5, 80.0]]","['CROPS_FR', 'PTF', 'Pomme de terre féculière', 'Pommes', 3, 91]",3.0,91.0
PVP,Légumes ou fleurs,Poivron / Piment,25,Légumes fleurs,Poivron Piment,"[['CROPS_FR', 'PVP', 'Poivron Piment', 'Piments et poivrons', 6, 86.0]]","['CROPS_FR', 'PVP', 'Poivron Piment', 'Piments et poivrons', 6, 86.0]",6.0,86.0
RDI,Légumes ou fleurs,Radis,25,Légumes fleurs,Radis,[],[],,
ROQ,Légumes ou fleurs,Roquette,25,Légumes fleurs,Roquette,[],[],,
RUT,Légumes ou fleurs,Rutabaga,25,Légumes fleurs,Rutabaga,[],[],,
SFI,Légumes ou fleurs,Salsifis,25,Légumes fleurs,Salsifis,[],[],,
TOM,Légumes ou fleurs,Tomate,25,Légumes fleurs,Tomate,"[['CROPS_FR', 'TOM', 'Tomate', 'Tomates', 2, 92]]","['CROPS_FR', 'TOM', 'Tomate', 'Tomates', 2, 92]",2.0,92.0
TOP,Légumes ou fleurs,Topinambour,25,Légumes fleurs,Topinambour,[],[],,
VER,Légumes ou fleurs,Véronique,25,Légumes fleurs,Véronique,[],[],,
CSA,Canne à sucre,Canne à sucre - autre,26,Canne à sucre,Canne à sucre,"[['GROUP_FR', 26, 'Canne à sucre', 'Canne à sucre', 8, 100.0], ['CROPS_FR', 'CSA', 'Canne à sucre', 'Canne à sucre', 8, 100.0]]","['GROUP_FR', 26, 'Canne à sucre', 'Canne à sucre', 8, 100.0]",8.0,100.0
CSF,Canne à sucre,Canne à sucre - fermage,26,Canne à sucre,Canne à sucre fermage,"[['GROUP_FR', 26, 'Canne à sucre', 'Canne à sucre', 8, 100.0], ['CROPS_FR', 'CSF', 'Canne à sucre fermage', 'Canne à sucre', 8, 83.25]]","['GROUP_FR', 26, 'Canne à sucre', 'Canne à sucre', 8, 100.0]",8.0,100.0
CSI,Canne à sucre,Canne à sucre - indivision,26,Canne à sucre,Canne à sucre indivision,"[['GROUP_FR', 26, 'Canne à sucre', 'Canne à sucre', 8, 100.0], ['CROPS_FR', 'CSI', 'Canne à sucre indivision', 'Canne à sucre', 8, 81.75]]","['GROUP_FR', 26, 'Canne à sucre', 'Canne à sucre', 8, 100.0]",8.0,100.0
CSP,Canne à sucre,Canne à sucre - propriété ou faire valoir direct,26,Canne à sucre,Canne à sucre propriété faire valoir direct,"[['GROUP_FR', 26, 'Canne à sucre', 'Canne à sucre', 8, 100.0]]","['GROUP_FR', 26, 'Canne à sucre', 'Canne à sucre', 8, 100.0]",8.0,100.0
CSR,Canne à sucre,Canne à sucre - réforme foncière,26,Canne à sucre,Canne à sucre réforme foncière,"[['GROUP_FR', 26, 'Canne à sucre', 'Canne à sucre', 8, 100.0]]","['GROUP_FR', 26, 'Canne à sucre', 'Canne à sucre', 8, 100.0]",8.0,100.0
ACA,Divers,Autre culture non précisée dans la liste (admissible),28,Divers,culture non précisée dans la liste,[],[],,
BFP,Divers,Bande admissible le long d’une forêt avec production,28,Divers,Bande admissible le long dune forêt avec production,[],[],,
BFS,Divers,Bande admissible le long d’une forêt sans production,28,Divers,Bande admissible le long dune forêt sans production,[],[],,
BOR,Divers,Bordure de champ,28,Divers,Bordure de champ,[],[],,
BRO,Divers,Brome de 5 ans ou moins,28,Divers,Brome de 5 ans moins,[],[],,
BTA,Divers,Bande tampon,28,Divers,Bande tampon,[],[],,
CAE,Divers,Châtaigneraie entretenue par des porcins ou des petits ruminants,28,Divers,Châtaigneraie entretenue par des porcins des petits ruminants,[],[],,
CEE,Divers,Chênaie entretenue par des porcins ou des petits ruminants,28,Divers,Chênaie entretenue par des porcins des petits ruminants,[],[],,
CNE,Divers,Chênaie non entretenue par des porcins ou des petits ruminants,28,Divers,Chênaie non entretenue par des porcins des petits ruminants,[],[],,
CID,Divers,Cultures conduites en interrangs : 2 cultures représentant chacune plus de 25%,28,Divers,Cultures conduites en interrangs  2 cultures représentant chacune plus de 25,[],[],,
CIT,Divers,Cultures conduites en interrangs : 3 cultures représentant chacune plus de 25%,28,Divers,Cultures conduites en interrangs  3 cultures représentant chacune plus de 25,[],[],,
CUA,Divers,Culture sous abattis,28,Divers,Culture sous abattis,[],[],,
MCT,Divers,Miscanthus,28,Divers,Miscanthus,[],[],,
MPA,Divers,Autre mélange de plantes fixant l’azote,28,Divers,mélange de plantes fixant lazote,[],[],,
MRS,Divers,Marais salant,28,Divers,Marais salant,[],[],,
NYG,Divers,Nyger,28,Divers,Nyger,"[['CROPS_FR', 'NYG', 'Nyger', 'Graines du Niger', 4, 80.0]]","['CROPS_FR', 'NYG', 'Nyger', 'Graines du Niger', 4, 80.0]",4.0,80.0
PCL,Divers,Phacélie de 5 ans ou moins,28,Divers,Phacélie de 5 ans moins,[],[],,
PEP,Divers,Pépinière,28,Divers,Pépinière,[],[],,
ROS,Divers,Roselière,28,Divers,Roselière,[],[],,
SBO,Divers,Surface boisée sur une ancienne terre agricole,28,Divers,Surface boisée sur une ancienne terre agricole,[],[],,
SNA,Divers,Surface non agricole non visible sur l’orthophotographie,28,Divers,Surface non agricole non visible sur lorthophotographie,[],[],,
SNE,Divers,Surface agricole temporairement non exploitée,28,Divers,Surface agricole temporairement non exploitée,[],[],,
TBT,Divers,Tubercule tropical,28,Divers,Tubercule tropical,[],[],,
TCR,Divers,Taillis à courte rotation,28,Divers,Taillis à courte rotation,[],[],,
TRU,Divers,Truffière (chênaie de plants mycorhizés),28,Divers,Truffière,[],[],,
VET,Divers,Vétiver,28,Divers,Vétiver,[],[],,
ZZZ,Divers,Culture inconnue,28,Divers,Culture inconnue,[],[],,
MLS,Protéagineux,Mélange de légumineuses non fourragères prépondérantes et de céréales et/ou d'oléagineux,8,Protéagineux,Mélange de légumineuses non fourragères prépondérantes de céréalesou doléagineux,"[['GROUP_FR', 8, 'Protéagineux', 'Plantes oléagineuses et fruits oléagineux', 4, 82.0], ['GROUP_FR', 8, 'Protéagineux', 'Autres fruits oléagineux', 4, 82.0], ['CROPS_FR', 'MLS', 'Mélange de légumineuses non fourragères prépondérantes de céréalesou doléagineux', 'Légumineuses', 7, 92], ['CROPS_FR', 'MLS', 'Mélange de légumineuses non fourragères prépondérantes de céréalesou doléagineux', 'Légumineuses', 7, 92]]","['CROPS_FR', 'MLS', 'Mélange de légumineuses non fourragères prépondérantes de céréalesou doléagineux', 'Légumineuses', 7, 92]",7.0,92.0
